Workbook

Sheet ANTIGUO
A1: CONCEPTO | C1: T O T A L | F1: GRUPO DE EDAD (en años) | AN1: Gestantes | AO1: Madre de Hijo menor de 5 años | AP1: Pueblos Originarios | AR1: Migrantes | AT1: Niños, Niñas, Adolescentes y Jóvenes SENAME | AU1: Niños, Niñas, Adolescentes y Jóvenes Mejor Niñez | AV1: Plan Cuidado Integral Elaborado | AW1: TRANS
F2: 0 a 4 años | H2: 5 a 9 años | J2: 10 a 14 años | L2: 15 a 19 años | N2: 20 a 24 años | P2: 25 a 29 años | R2: 30 a 34 años | T2: 35 a 39 años | V2: 40 a 44 años | X2: 45 a 49 años | Z2: 50 a 54 años | AB2: 55 a 59 años | AD2: 60 a 64 años | AF2: 65 a 69 años | AH2: 70 a 74 años | AJ2: 75 a 79 años | AL2: 80 y más años
C3: Ambos sexos | D3: Hombres | E3: Mujeres | F3: Hombres | G3: Mujeres | H3: Hombres | I3: Mujeres | J3: Hombres | K3: Mujeres | L3: Hombres | M3: Mujeres | N3: Hombres | O3: Mujeres | P3: Hombres | Q3: Mujeres | R3: Hombres | S3: Mujeres | T3: Hombres | U3: Mujeres | V3: Hombres | W3: Mujeres | X3: Hombres | Y3: Mujeres | Z3: Hombres | AA3: Mujeres | AB3: Hombres | AC3: Mujeres | AD3: Hombres | AE3: Mujeres | AF3: Hombres | AG3: Mujeres | AH3: Hombres | AI3: Mujeres | AJ3: Hombres | AK3: Mujeres | AL3: Hombres | AM3: Mujeres | AP3: Hombres | AQ3: Mujeres | AR3: Hombres | AS3: Mujeres | AW3: Masculino | AX3: Femenino
A4: NUMERO DE PERSONAS EN CONTROL EN EL PROGRAMA | C4: 1335 | D4: 356 | E4: 979 | F4: 0 | G4: 1 | H4: 20 | I4: 6 | J4: 34 | K4: 34 | L4: 39 | M4: 52 | N4: 16 | O4: 51 | P4: 36 | Q4: 63 | R4: 24 | S4: 77 | T4: 21 | U4: 68 | V4: 15 | W4: 49 | X4: 14 | Y4: 27 | Z4: 16 | AA4: 58 | AB4: 13 | AC4: 117 | AD4: 37 | AE4: 125 | AF4: 27 | AG4: 90 | AH4: 11 | AI4: 62 | AJ4: 20 | AK4: 36 | AL4: 13 | AM4: 63 | AN4: 11 | AO4: 59 | AP4: 19 | AQ4: 37 | AR4: 16 | AS4: 34 | AT4: 2 | AU4: 16 | AV4: 122 | AW4: 16 | AX4: 7
A5: FACTORES DE RIESGO Y CONDICIONANTES DE LA SALUD MENTAL
A6: VIOLENCIA FISICA | B6: VICTIMA | C6: 7 | D6: 0 | E6: 7 | S6: 1 | W6: 2 | AA6: 1 | AE6: 2 | AM6: 1 | AN6: 0 | AO6: 0 | AP6: 0 | AQ6: 1 | AR6: 0 | AS6: 0 | AT6: 0 | AU6: 0 | AV6: 7 | AW6: 0 | AX6: 0
B7: AGRESOR/A | C7: 0 | D7: 0 | E7: 0
A8: VIOLENCIA SEXUAL | B8: VICTIMA | C8: 8 | D8: 1 | E8: 7 | O8: 1 | P8: 1 | Q8: 2 | Y8: 1 | AA8: 1 | AG8: 2 | AN8: 0 | AO8: 0 | AP8: 0 | AQ8: 0 | AR8: 0 | AS8: 1 | AT8: 0 | AU8: 0 | AV8: 3 | AW8: 1 | AX8: 0
B9: AGRESOR/A | C9: 0 | D9: 0 | E9: 0
A10: VIOLENCIA PSICOLOGICA | B10: VICTIMA | C10: 20 | D10: 1 | E10: 19 | M10: 1 | O10: 1 | Q10: 5 | R10: 1 | S10: 2 | U10: 2 | Y10: 2 | AA10: 2 | AC10: 2 | AG10: 2 | AN10: 0 | AO10: 6 | AP10: 0 | AQ10: 4 | AR10: 0 | AS10: 1 | AT10: 0 | AU10: 0 | AV10: 20 | AW10: 1 | AX10: 0
B11: AGRESOR/A | C11: 0 | D11: 0 | E11: 0
A12: ABUSO SEXUAL
A13: SUICIDIO | B13: IDEACIÓN | C13: 6 | D13: 3 | E13: 3 | L13: 1 | N13: 1 | O13: 1 | U13: 2 | Z13: 1 | AN13: 0 | AO13: 1 | AP13: 1 | AQ13: 0 | AR13: 0 | AS13: 1 | AT13: 0 | AU13: 0 | AV13: 6 | AW13: 0 | AX13: 0
B14: INTENTO | C14: 14 | D14: 5 | E14: 9 | K14: 2 | L14: 1 | O14: 1 | T14: 1 | U14: 3 | V14: 1 | W14: 1 | X14: 1 | AA14: 2 | AD14: 1 | AN14: 0 | AO14: 2 | AP14: 0 | AQ14: 0 | AR14: 0 | AS14: 0 | AT14: 0 | AU14: 0 | AV14: 14 | AW14: 0 | AX14: 1
A15: PERSONAS CON DIAGNOSTICOS DE TRASTORNOS MENTALES | C15: 1280 | D15: 346 | E15: 934 | F15: 0 | G15: 1 | H15: 20 | I15: 6 | J15: 34 | K15: 32 | L15: 37 | M15: 51 | N15: 15 | O15: 47 | P15: 35 | Q15: 56 | R15: 23 | S15: 74 | T15: 20 | U15: 61 | V15: 14 | W15: 46 | X15: 13 | Y15: 24 | Z15: 15 | AA15: 52 | AB15: 13 | AC15: 115 | AD15: 36 | AE15: 123 | AF15: 27 | AG15: 86 | AH15: 11 | AI15: 62 | AJ15: 20 | AK15: 36 | AL15: 13 | AM15: 62 | AN15: 11 | AO15: 50 | AP15: 18 | AQ15: 32 | AR15: 16 | AS15: 31 | AT15: 2 | AU15: 16 | AV15: 72 | AW15: 14 | AX15: 6
A16: TRASTORNOS DEL HUMOR (AFECTIVOS) | B16: DEPRESIÓN LEVE | C16: 78 | D16: 9 | E16: 69 | J16: 1 | K16: 1 | M16: 3 | O16: 3 | P16: 2 | Q16: 4 | S16: 6 | T16: 1 | U16: 7 | Y16: 1 | AA16: 4 | AC16: 12 | AD16: 1 | AE16: 7 | AF16: 2 | AG16: 5 | AH16: 1 | AI16: 5 | AK16: 5 | AL16: 1 | AM16: 6 | AN16: 1 | AO16: 8 | AP16: 0 | AQ16: 5 | AR16: 0 | AS16: 1 | AT16: 0 | AU16: 0 | AV16: 0 | AW16: 1 | AX16: 0
B17: DEPRESIÓN MODERADA | C17: 165 | D17: 37 | E17: 128 | J17: 2 | K17: 1 | L17: 5 | M17: 4 | N17: 2 | O17: 3 | P17: 5 | Q17: 9 | R17: 1 | S17: 11 | T17: 5 | U17: 14 | V17: 3 | W17: 12 | X17: 1 | Y17: 3 | Z17: 2 | AA17: 6 | AB17: 3 | AC17: 24 | AD17: 2 | AE17: 14 | AF17: 5 | AG17: 11 | AH17: 1 | AI17: 9 | AK17: 4 | AM17: 3 | AN17: 1 | AO17: 4 | AP17: 1 | AQ17: 5 | AR17: 2 | AS17: 7 | AT17: 0 | AU17: 0 | AV17: 0 | AW17: 1 | AX17: 0
B18: DEPRESIÓN GRAVE | C18: 49 | D18: 18 | E18: 31 | K18: 2 | L18: 2 | M18: 1 | N18: 1 | O18: 1 | P18: 2 | Q18: 3 | R18: 2 | S18: 3 | T18: 1 | U18: 2 | W18: 7 | X18: 2 | Z18: 1 | AA18: 2 | AB18: 1 | AC18: 4 | AD18: 3 | AE18: 3 | AF18: 1 | AG18: 1 | AI18: 1 | AJ18: 2 | AM18: 1 | AN18: 0 | AO18: 3 | AP18: 0 | AQ18: 1 | AR18: 0 | AS18: 2 | AT18: 0 | AU18: 0 | AV18: 0 | AW18: 0 | AX18: 0
B19: DEPRESIÓN POST PARTO | C19: 7 | E19: 7 | O19: 2 | S19: 4 | U19: 1 | AO19: 7 | AQ19: 1 | AS19: 0 | AT19: 0 | AU19: 0 | AV19: 0 | AW19: 1
B20: TRASTORNO BIPOLAR | C20: 14 | D20: 6 | E20: 8 | O20: 1 | Q20: 2 | R20: 1 | S20: 1 | T20: 1 | V20: 1 | Z20: 1 | AA20: 1 | AB20: 1 | AD20: 1 | AE20: 2 | AK20: 1 | AN20: 0 | AO20: 2 | AP20: 0 | AQ20: 0 | AR20: 0 | AS20: 0 | AT20: 0 | AU20: 0 | AV20: 0 | AW20: 0 | AX20: 1
A21: TRASTORNOS MENTALES Y DEL COMPORTAMIENTO DEBIDO A CONSUMO SUSTANCIAS PSICOTROPICAS | B21: CONSUMO PERJUDICIAL DE ALCOHOL | C21: 20 | D21: 13 | E21: 7 | R21: 1 | U21: 3 | V21: 1 | X21: 1 | Y21: 1 | Z21: 2 | AA21: 1 | AC21: 1 | AD21: 4 | AF21: 3 | AG21: 1 | AJ21: 1 | AN21: 0 | AO21: 1 | AP21: 3 | AQ21: 0 | AR21: 0 | AS21: 0 | AT21: 0 | AU21: 0 | AV21: 0 | AW21: 0 | AX21: 0
B22: CONSUMO DEPENDIENTE DEL ALCOHOL | C22: 5 | D22: 3 | E22: 2 | U22: 1 | Y22: 1 | AD22: 2 | AF22: 1 | AN22: 0 | AO22: 0 | AP22: 1 | AQ22: 0 | AR22: 0 | AS22: 0 | AT22: 0 | AU22: 0 | AV22: 0 | AW22: 0 | AX22: 0
B23: CONSUMO PERJUDICIAL DE DROGAS | C23: 16 | D23: 9 | E23: 7 | N23: 1 | P23: 1 | Q23: 2 | R23: 2 | T23: 1 | U23: 1 | W23: 1 | X23: 1 | Y23: 1 | AC23: 1 | AD23: 3 | AK23: 1 | AN23: 0 | AO23: 1 | AP23: 0 | AQ23: 0 | AR23: 0 | AS23: 0 | AT23: 0 | AU23: 0 | AV23: 0 | AW23: 0 | AX23: 0
B24: CONSUMO DEPENDIENTE DE DROGAS | C24: 19 | D24: 9 | E24: 10 | P24: 4 | Q24: 1 | R24: 2 | S24: 2 | U24: 1 | V24: 1 | Z24: 1 | AC24: 2 | AD24: 1 | AI24: 2 | AK24: 1 | AM24: 1 | AN24: 0 | AO24: 0 | AP24: 2 | AQ24: 0 | AR24: 0 | AS24: 0 | AT24: 0 | AU24: 0 | AV24: 0 | AW24: 0 | AX24: 0
B25: CONSUMO DE DROGAS Y ALCOHOL | C25: 15 | D25: 11 | E25: 4 | O25: 1 | P25: 2 | R25: 3 | U25: 3 | X25: 2 | Z25: 2 | AD25: 2 | AN25: 0 | AO25: 0 | AP25: 0 | AQ25: 0 | AR25: 0 | AS25: 0 | AT25: 0 | AU25: 0 | AV25: 0 | AW25: 0 | AX25: 0
A26: TRASTORNOS DEL COMPORTAMIENTO Y DE LAS EMOCIONES DE COMIENZO HABITUAL EN LA INFANCIA Y ADOLESCENCIA | B26: TRASTORNO HIPERCINÉTICO | C26: 87 | D26: 56 | E26: 31 | G26: 1 | H26: 16 | I26: 5 | J26: 20 | K26: 8 | L26: 11 | M26: 2 | N26: 3 | O26: 2 | P26: 1 | Q26: 4 | R26: 3 | S26: 4 | T26: 2 | U26: 3 | AC26: 1 | AE26: 1 | AN26: 0 | AP26: 1 | AQ26: 0 | AR26: 6 | AS26: 1 | AT26: 1 | AU26: 3 | AV26: 0 | AW26: 1 | AX26: 0
B27: TRASTORNO DISOCIAL DESAFIANTE Y OPOSICIONISTA | C27: 1 | D27: 1 | E27: 0 | J27: 1 | AN27: 0 | AP27: 0 | AQ27: 0 | AR27: 0 | AS27: 0 | AT27: 0 | AU27: 0 | AV27: 0 | AW27: 0 | AX27: 0
B28: TRASTORNO DE ANSIEDAD DE SEPARACIÓN EN LA INFANCIA | C28: 0 | D28: 0 | E28: 0 | F28: 0 | G28: 0
B29: OTROS TRASTORNOS DEL COMPORTAMIENTO Y DE LAS EMOCIONES DE COMIENZO HABITUAL EN LA INFANCIA Y ADOLESCENCIA | C29: 28 | D29: 8 | E29: 20 | H29: 2 | J29: 3 | K29: 7 | L29: 3 | M29: 13 | AN29: 0 | AP29: 0 | AQ29: 0 | AR29: 0 | AS29: 1 | AT29: 0 | AU29: 4 | AV29: 0 | AW29: 0 | AX29: 1
A30: TRASTORNOS DE ANSIEDAD | B30: TRASTORNO DE ESTRÉS POST TRAUMATICO | C30: 12 | D30: 0 | E30: 12 | M30: 1 | O30: 1 | Q30: 1 | S30: 1 | W30: 1 | AA30: 3 | AC30: 2 | AE30: 2 | AN30: 1 | AO30: 1 | AP30: 0 | AQ30: 1 | AR30: 0 | AS30: 0 | AT30: 0 | AU30: 0 | AV30: 0 | AW30: 0 | AX30: 0
B31: TRASTORNO DE PÁNICO | C31: 23 | D31: 2 | E31: 21 | M31: 1 | O31: 2 | P31: 1 | Q31: 2 | S31: 6 | U31: 1 | W31: 1 | Z31: 1 | AC31: 4 | AE31: 2 | AG31: 2 | AN31: 2 | AO31: 3 | AP31: 0 | AQ31: 1 | AR31: 0 | AS31: 1 | AT31: 0 | AU31: 0 | AV31: 0 | AW31: 0 | AX31: 0
B32: FOBIAS SOCIALES | C32: 5 | D32: 3 | E32: 2 | L32: 2 | O32: 2 | P32: 1 | AN32: 0 | AO32: 0 | AP32: 0 | AQ32: 1 | AR32: 0 | AS32: 0 | AT32: 0 | AU32: 1 | AV32: 0 | AW32: 0 | AX32: 0
B33: TRASTORNOS DE ANSIEDAD GENERALIZADA | C33: 53 | D33: 14 | E33: 39 | K33: 1 | L33: 1 | O33: 3 | P33: 2 | Q33: 6 | R33: 2 | S33: 3 | T33: 1 | U33: 4 | V33: 1 | W33: 4 | X33: 1 | Y33: 1 | Z33: 1 | AA33: 2 | AB33: 1 | AC33: 4 | AD33: 2 | AE33: 5 | AF33: 2 | AG33: 3 | AI33: 3 | AN33: 0 | AO33: 2 | AP33: 0 | AQ33: 1 | AR33: 1 | AS33: 0 | AT33: 0 | AU33: 0 | AV33: 0 | AW33: 2 | AX33: 0
B34: OTROS TRASTORNOS DE ANSIEDAD | C34: 99 | D34: 23 | E34: 76 | J34: 1 | K34: 0 | L34: 2 | M34: 5 | N34: 0 | O34: 3 | P34: 3 | Q34: 7 | R34: 2 | S34: 6 | T34: 2 | U34: 3 | V34: 1 | W34: 2 | X34: 2 | Y34: 4 | AA34: 4 | AB34: 1 | AC34: 8 | AD34: 1 | AE34: 14 | AF34: 4 | AG34: 9 | AH34: 2 | AI34: 4 | AJ34: 1 | AK34: 3 | AL34: 1 | AM34: 4 | AN34: 1 | AO34: 3 | AP34: 2 | AQ34: 5 | AR34: 2 | AS34: 3 | AT34: 0 | AU34: 0 | AV34: 0 | AW34: 1 | AX34: 2
A35: DEMENCIAS (INCLUYE ALZHEIMER) | B35: LEVE | C35: 21 | D35: 6 | E35: 15 | AD35: 1 | AF35: 2 | AG35: 3 | AI35: 5 | AJ35: 2 | AK35: 2 | AL35: 1 | AM35: 5 | AP35: 0 | AQ35: 1 | AR35: 0 | AS35: 0 | AV35: 21 | AW35: 1 | AX35: 0
B36: MODERADO | C36: 35 | D36: 10 | E36: 25 | AD36: 2 | AF36: 1 | AJ36: 3 | AK36: 2 | AL36: 4 | AM36: 23 | AP36: 0 | AQ36: 0 | AR36: 0 | AS36: 0 | AV36: 35 | AW36: 0 | AX36: 0
B37: AVANZADO | C37: 16 | D37: 7 | E37: 9 | AD37: 2 | AJ37: 1 | AK37: 3 | AL37: 4 | AM37: 6 | AP37: 0 | AQ37: 0 | AR37: 0 | AS37: 0 | AV37: 16 | AW37: 0 | AX37: 0
A38: ESQUIZOFRENIA | C38: 0 | D38: 0 | E38: 0 | F38: 0 | G38: 0
A39: TRASTORNO ADAPTATIVO | C39: 152 | D39: 21 | E39: 131 | I39: 1 | J39: 1 | K39: 4 | L39: 1 | M39: 3 | N39: 1 | O39: 1 | Q39: 1 | S39: 10 | T39: 0 | U39: 7 | V39: 2 | W39: 5 | Y39: 4 | Z39: 1 | AA39: 12 | AB39: 2 | AC39: 15 | AD39: 3 | AE39: 28 | AF39: 2 | AG39: 16 | AH39: 1 | AI39: 13 | AJ39: 6 | AK39: 6 | AL39: 1 | AM39: 5 | AN39: 2 | AO39: 3 | AP39: 5 | AQ39: 1 | AR39: 4 | AS39: 6 | AT39: 1 | AU39: 4 | AV39: 0 | AW39: 2 | AX39: 1
A40: TRASTORNOS DE LA CONDUCTA ALIMENTARIA | C40: 4 | D40: 0 | E40: 4 | M40: 2 | O40: 2 | AN40: 0 | AO40: 0 | AP40: 0 | AQ40: 0 | AR40: 0 | AS40: 1 | AT40: 0 | AU40: 0 | AV40: 0 | AW40: 0 | AX40: 0
A41: RETRASO MENTAL | C41: 10 | D41: 5 | E41: 5 | J41: 1 | K41: 1 | P41: 1 | S41: 1 | T41: 1 | W41: 1 | Y41: 1 | AB41: 1 | AF41: 1 | AG41: 1 | AN41: 0 | AO41: 0 | AP41: 1 | AQ41: 0 | AR41: 0 | AS41: 0 | AT41: 0 | AU41: 0 | AV41: 0 | AW41: 0 | AX41: 0
A42: TRASTORNO DE PERSONALIDAD | C42: 190 | D42: 24 | E42: 166 | K42: 2 | M42: 7 | N42: 3 | O42: 11 | P42: 4 | Q42: 11 | R42: 3 | S42: 13 | T42: 2 | U42: 9 | V42: 1 | W42: 9 | X42: 2 | Y42: 5 | Z42: 1 | AA42: 10 | AB42: 1 | AC42: 24 | AD42: 4 | AE42: 22 | AF42: 1 | AG42: 24 | AH42: 2 | AI42: 13 | AK42: 5 | AM42: 1 | AN42: 2 | AO42: 10 | AP42: 1 | AQ42: 7 | AR42: 1 | AS42: 5 | AT42: 0 | AU42: 0 | AV42: 0 | AW42: 3 | AX42: 0
A43: TRASTORNO GENERALIZADOS DEL DESARROLLO | B43: AUTISMO | C43: 35 | D43: 17 | E43: 18 | J43: 2 | K43: 2 | L43: 7 | M43: 6 | N43: 2 | O43: 5 | P43: 2 | Q43: 2 | S43: 1 | T43: 2 | V43: 1 | W43: 1 | Z43: 1 | AE43: 1 | AN43: 0 | AO43: 0 | AP43: 0 | AQ43: 1 | AR43: 0 | AS43: 0 | AT43: 0 | AU43: 0 | AV43: 0 | AW43: 0 | AX43: 0
B44: ASPERGER | C44: 1 | D44: 1 | E44: 0 | P44: 1 | AN44: 0 | AO44: 0 | AP44: 0 | AQ44: 0 | AR44: 0 | AS44: 0 | AT44: 0 | AU44: 0 | AV44: 0 | AW44: 0 | AX44: 0
B45: SÍNDROME DE RETT | C45: 0 | D45: 0 | E45: 0 | F45: 0 | G45: 0
B46: TRASTORNO DESINTEGRATIVO DE LA INFANCIA | C46: 0 | D46: 0 | E46: 0 | F46: 0 | G46: 0
B47: TRASTONO GENERALIZADO DEL DESARROLLO NO ESPECÍFICO | C47: 7 | D47: 4 | E47: 3 | J47: 1 | K47: 1 | L47: 1 | M47: 1 | O47: 1 | R47: 1 | T47: 1 | AN47: 0 | AO47: 0 | AP47: 0 | AQ47: 0 | AR47: 0 | AS47: 0 | AT47: 0 | AU47: 1 | AV47: 0 | AW47: 1 | AX47: 0
A48: EPILEPSIA | C48: 0 | D48: 0 | E48: 0
A49: OTRAS | C49: 113 | D49: 29 | E49: 84 | H49: 2 | J49: 1 | K49: 2 | L49: 2 | M49: 2 | N49: 2 | O49: 3 | P49: 3 | Q49: 1 | S49: 2 | U49: 1 | V49: 2 | W49: 2 | X49: 1 | Y49: 2 | Z49: 1 | AA49: 7 | AB49: 2 | AC49: 13 | AD49: 2 | AE49: 22 | AF49: 2 | AG49: 10 | AH49: 4 | AI49: 7 | AJ49: 4 | AK49: 3 | AL49: 1 | AM49: 7 | AN49: 1 | AO49: 2 | AP49: 1 | AQ49: 1 | AR49: 0 | AS49: 3 | AT49: 0 | AU49: 3 | AV49: 0 | AW49: 0 | AX49: 1

Sheet NUEVO
A1: CONCEPTO | C1: T O T A L | F1: GRUPO DE EDAD (en años) | AN1: Gestantes | AO1: Madre de Hijo menor de 5 años | AP1: Pueblos Originarios | AR1: Migrantes | AT1: Niños, Niñas, Adolescentes y Jóvenes SENAME | AU1: Niños, Niñas, Adolescentes y Jóvenes Mejor Niñez | AV1: Plan Cuidado Integral Elaborado | AW1: TRANS
F2: 0 a 4 años | H2: 5 a 9 años | J2: 10 a 14 años | L2: 15 a 19 años | N2: 20 a 24 años | P2: 25 a 29 años | R2: 30 a 34 años | T2: 35 a 39 años | V2: 40 a 44 años | X2: 45 a 49 años | Z2: 50 a 54 años | AB2: 55 a 59 años | AD2: 60 a 64 años | AF2: 65 a 69 años | AH2: 70 a 74 años | AJ2: 75 a 79 años | AL2: 80 y más años
C3: Ambos sexos | D3: Hombres | E3: Mujeres | F3: Hombres | G3: Mujeres | H3: Hombres | I3: Mujeres | J3: Hombres | K3: Mujeres | L3: Hombres | M3: Mujeres | N3: Hombres | O3: Mujeres | P3: Hombres | Q3: Mujeres | R3: Hombres | S3: Mujeres | T3: Hombres | U3: Mujeres | V3: Hombres | W3: Mujeres | X3: Hombres | Y3: Mujeres | Z3: Hombres | AA3: Mujeres | AB3: Hombres | AC3: Mujeres | AD3: Hombres | AE3: Mujeres | AF3: Hombres | AG3: Mujeres | AH3: Hombres | AI3: Mujeres | AJ3: Hombres | AK3: Mujeres | AL3: Hombres | AM3: Mujeres | AP3: Hombres | AQ3: Mujeres | AR3: Hombres | AS3: Mujeres | AW3: Masculino | AX3: Femenino
A4: NUMERO DE PERSONAS EN CONTROL EN EL PROGRAMA | C4: 1320 | D4: 329 | E4: 991 | F4: 0 | G4: 1 | H4: 20 | I4: 5 | J4: 30 | K4: 30 | L4: 33 | M4: 63 | N4: 16 | O4: 38 | P4: 33 | Q4: 69 | R4: 22 | S4: 74 | T4: 18 | U4: 73 | V4: 14 | W4: 40 | X4: 10 | Y4: 36 | Z4: 10 | AA4: 58 | AB4: 16 | AC4: 110 | AD4: 23 | AE4: 136 | AF4: 27 | AG4: 94 | AH4: 18 | AI4: 61 | AJ4: 21 | AK4: 42 | AL4: 18 | AM4: 61 | AN4: 11 | AO4: 87 | AP4: 11 | AQ4: 38 | AR4: 14 | AS4: 30 | AT4: 0 | AU4: 10 | AV4: 74 | AW4: 15 | AX4: 4
A5: FACTORES DE RIESGO Y CONDICIONANTES DE LA SALUD MENTAL
A6: VIOLENCIA | B6: VICTIMA | C6: 7 | D6: 0 | E6: 7 | F6: 0 | G6: 0 | H6: 0 | I6: 0 | J6: 0 | K6: 0 | L6: 0 | M6: 0 | N6: 0 | O6: 0 | P6: 0 | Q6: 0 | R6: 0 | S6: 1 | T6: 0 | U6: 0 | V6: 0 | W6: 2 | X6: 0 | Y6: 0 | Z6: 0 | AA6: 1 | AB6: 0 | AC6: 0 | AD6: 0 | AE6: 2 | AF6: 0 | AG6: 0 | AH6: 0 | AI6: 0 | AJ6: 0 | AK6: 0 | AL6: 0 | AM6: 1 | AN6: 0 | AO6: 0 | AP6: 0 | AQ6: 1 | AR6: 0 | AS6: 0 | AT6: 0 | AU6: 0 | AV6: 7 | AW6: 0 | AX6: 0
B7: AGRESOR/A | C7: 0 | D7: 0 | E7: 0
C8: 8 | D8: 1 | E8: 7 | F8: 0 | G8: 0 | H8: 0 | I8: 0 | J8: 0 | K8: 0 | L8: 0 | M8: 0 | N8: 0 | O8: 1 | P8: 1 | Q8: 2 | R8: 0 | S8: 0 | T8: 0 | U8: 0 | V8: 0 | W8: 0 | X8: 0 | Y8: 1 | Z8: 0 | AA8: 1 | AB8: 0 | AC8: 0 | AD8: 0 | AE8: 0 | AF8: 0 | AG8: 2 | AH8: 0 | AI8: 0 | AJ8: 0 | AK8: 0 | AL8: 0 | AM8: 0 | AN8: 0 | AO8: 0 | AP8: 0 | AQ8: 1 | AR8: 0 | AS8: 0 | AT8: 0 | AU8: 0 | AV8: 8 | AW8: 1 | AX8: 0
C9: 0 | D9: 0 | E9: 0
C10: 20 | D10: 1 | E10: 19 | F10: 0 | G10: 0 | H10: 0 | I10: 0 | J10: 0 | K10: 0 | L10: 0 | M10: 1 | N10: 0 | O10: 1 | P10: 0 | Q10: 5 | R10: 1 | S10: 2 | T10: 0 | U10: 2 | V10: 0 | W10: 0 | X10: 0 | Y10: 2 | Z10: 0 | AA10: 2 | AB10: 0 | AC10: 2 | AD10: 0 | AE10: 0 | AF10: 0 | AG10: 2 | AH10: 0 | AI10: 0 | AJ10: 0 | AK10: 0 | AL10: 0 | AM10: 0 | AN10: 0 | AO10: 6 | AP10: 0 | AQ10: 4 | AR10: 0 | AS10: 1 | AT10: 0 | AU10: 0 | AV10: 20 | AW10: 1 | AX10: 0
C11: 0 | D11: 0 | E11: 0
A12: ABUSO SEXUAL
A13: SUICIDIO | B13: IDEACIÓN | C13: 4 | D13: 2 | E13: 2 | H13: 0 | I13: 0 | J13: 0 | K13: 0 | L13: 1 | M13: 0 | N13: 1 | O13: 1 | P13: 0 | Q13: 0 | R13: 0 | S13: 0 | T13: 0 | U13: 1 | V13: 0 | W13: 0 | X13: 0 | Y13: 0 | Z13: 0 | AA13: 0 | AB13: 0 | AC13: 0 | AD13: 0 | AE13: 0 | AF13: 0 | AG13: 0 | AH13: 0 | AI13: 0 | AJ13: 0 | AK13: 0 | AL13: 0 | AM13: 0 | AN13: 1 | AO13: 0 | AP13: 0 | AQ13: 0 | AR13: 0 | AS13: 1 | AT13: 0 | AU13: 0 | AV13: 4 | AW13: 0 | AX13: 0
B14: INTENTO | C14: 15 | D14: 4 | E14: 11 | H14: 0 | I14: 0 | J14: 0 | K14: 2 | L14: 1 | M14: 1 | N14: 0 | O14: 1 | P14: 0 | Q14: 0 | R14: 0 | S14: 0 | T14: 0 | U14: 3 | V14: 1 | W14: 1 | X14: 1 | Y14: 0 | Z14: 0 | AA14: 3 | AB14: 0 | AC14: 0 | AD14: 0 | AE14: 0 | AF14: 1 | AG14: 0 | AH14: 0 | AI14: 0 | AJ14: 0 | AK14: 0 | AL14: 0 | AM14: 0 | AN14: 2 | AO14: 0 | AP14: 0 | AQ14: 0 | AR14: 0 | AS14: 0 | AT14: 0 | AU14: 0 | AV14: 15 | AW14: 0 | AX14: 1
A15: PERSONAS CON DIAGNOSTICOS DE TRASTORNOS MENTALES | C15: 1290 | D15: 327 | E15: 963 | F15: 0 | G15: 1 | H15: 20 | I15: 5 | J15: 30 | K15: 30 | L15: 33 | M15: 62 | N15: 16 | O15: 36 | P15: 32 | Q15: 62 | R15: 21 | S15: 71 | T15: 18 | U15: 72 | V15: 14 | W15: 38 | X15: 10 | Y15: 34 | Z15: 10 | AA15: 54 | AB15: 16 | AC15: 110 | AD15: 23 | AE15: 134 | AF15: 27 | AG15: 91 | AH15: 18 | AI15: 61 | AJ15: 21 | AK15: 42 | AL15: 18 | AM15: 60 | AN15: 11 | AO15: 87 | AP15: 11 | AQ15: 38 | AR15: 14 | AS15: 30 | AT15: 0 | AU15: 10 | AV15: 74 | AW15: 15 | AX15: 4
A16: TRASTORNOS DEL HUMOR (AFECTIVOS) | B16: DEPRESIÓN LEVE | C16: 82 | D16: 10 | E16: 72 | F16: 0 | G16: 0 | H16: 0 | I16: 0 | J16: 1 | K16: 1 | L16: 0 | M16: 4 | N16: 0 | O16: 3 | P16: 3 | Q16: 4 | R16: 0 | S16: 6 | T16: 1 | U16: 8 | V16: 0 | W16: 0 | X16: 0 | Y16: 2 | Z16: 0 | AA16: 4 | AB16: 0 | AC16: 10 | AD16: 1 | AE16: 8 | AF16: 2 | AG16: 6 | AH16: 1 | AI16: 6 | AJ16: 0 | AK16: 5 | AL16: 1 | AM16: 5 | AN16: 0 | AO16: 10 | AP16: 0 | AQ16: 5 | AR16: 0 | AS16: 1 | AT16: 0 | AU16: 0 | AV16: 0 | AW16: 1 | AX16: 0
B17: DEPRESIÓN MODERADA | C17: 185 | D17: 40 | E17: 145 | F17: 0 | G17: 0 | H17: 0 | I17: 0 | J17: 2 | K17: 1 | L17: 6 | M17: 5 | N17: 2 | O17: 5 | P17: 4 | Q17: 11 | R17: 2 | S17: 12 | T17: 5 | U17: 16 | V17: 2 | W17: 12 | X17: 2 | Y17: 5 | Z17: 2 | AA17: 8 | AB17: 3 | AC17: 26 | AD17: 3 | AE17: 17 | AF17: 5 | AG17: 12 | AH17: 1 | AI17: 8 | AJ17: 0 | AK17: 4 | AL17: 1 | AM17: 3 | AN17: 1 | AO17: 22 | AP17: 1 | AQ17: 6 | AR17: 2 | AS17: 7 | AT17: 0 | AU17: 0 | AV17: 0 | AW17: 1 | AX17: 0
B18: DEPRESIÓN GRAVE | C18: 54 | D18: 18 | E18: 36 | F18: 0 | G18: 0 | H18: 0 | I18: 0 | J18: 0 | K18: 2 | L18: 2 | M18: 3 | N18: 1 | O18: 1 | P18: 2 | Q18: 4 | R18: 2 | S18: 3 | T18: 0 | U18: 3 | V18: 0 | W18: 6 | X18: 2 | Y18: 1 | Z18: 1 | AA18: 2 | AB18: 2 | AC18: 4 | AD18: 2 | AE18: 4 | AF18: 2 | AG18: 1 | AH18: 0 | AI18: 1 | AJ18: 2 | AK18: 0 | AL18: 0 | AM18: 1 | AN18: 0 | AO18: 3 | AP18: 0 | AQ18: 2 | AR18: 0 | AS18: 2 | AT18: 0 | AU18: 1 | AV18: 1 | AW18: 0 | AX18: 0
B19: DEPRESIÓN POST PARTO | C19: 7 | E19: 7 | O19: 2 | S19: 4 | U19: 1 | AO19: 7 | AQ19: 1 | AS19: 0 | AT19: 0 | AU19: 0 | AV19: 0 | AW19: 1
B20: TRASTORNO BIPOLAR | C20: 17 | D20: 7 | E20: 10 | F20: 0 | G20: 0 | H20: 0 | I20: 0 | J20: 0 | K20: 0 | L20: 0 | M20: 0 | N20: 1 | O20: 1 | P20: 0 | Q20: 2 | R20: 1 | S20: 1 | T20: 1 | U20: 1 | V20: 1 | W20: 0 | X20: 0 | Y20: 0 | Z20: 1 | AA20: 1 | AB20: 1 | AC20: 1 | AD20: 1 | AE20: 2 | AF20: 0 | AG20: 0 | AH20: 0 | AI20: 0 | AJ20: 0 | AK20: 1 | AL20: 0 | AM20: 0 | AN20: 0 | AO20: 2 | AP20: 0 | AQ20: 0 | AR20: 0 | AS20: 0 | AT20: 0 | AU20: 0 | AV20: 0 | AW20: 0 | AX20: 1
A21: TRASTORNOS MENTALES Y DEL COMPORTAMIENTO DEBIDO A CONSUMO SUSTANCIAS PSICOTROPICAS | B21: CONSUMO PERJUDICIAL DE ALCOHOL | C21: 20 | D21: 13 | E21: 7 | F21: 0 | G21: 0 | H21: 0 | I21: 0 | J21: 0 | K21: 0 | L21: 0 | M21: 0 | N21: 1 | O21: 0 | P21: 0 | Q21: 0 | R21: 1 | S21: 0 | T21: 0 | U21: 3 | V21: 1 | W21: 0 | X21: 1 | Y21: 1 | Z21: 1 | AA21: 1 | AB21: 0 | AC21: 1 | AD21: 4 | AE21: 0 | AF21: 3 | AG21: 1 | AH21: 0 | AI21: 0 | AJ21: 1 | AK21: 0 | AL21: 0 | AM21: 0 | AN21: 0 | AO21: 1 | AP21: 2 | AQ21: 0 | AR21: 0 | AS21: 0 | AT21: 0 | AU21: 0 | AV21: 0 | AW21: 0 | AX21: 0
B22: CONSUMO DEPENDIENTE DEL ALCOHOL | C22: 6 | D22: 5 | E22: 1 | F22: 0 | G22: 0 | H22: 0 | I22: 0 | J22: 0 | K22: 0 | L22: 0 | M22: 0 | N22: 1 | O22: 0 | P22: 0 | Q22: 0 | R22: 0 | S22: 0 | T22: 0 | U22: 0 | V22: 0 | W22: 0 | X22: 0 | Y22: 1 | Z22: 0 | AA22: 0 | AB22: 1 | AC22: 0 | AD22: 2 | AE22: 0 | AF22: 1 | AG22: 0 | AH22: 0 | AI22: 0 | AJ22: 0 | AK22: 0 | AL22: 0 | AM22: 0 | AN22: 0 | AO22: 0 | AP22: 1 | AQ22: 0 | AR22: 0 | AS22: 0 | AT22: 0 | AU22: 0 | AV22: 0 | AW22: 0 | AX22: 0
B23: CONSUMO PERJUDICIAL DE DROGAS | C23: 19 | D23: 12 | E23: 7 | F23: 0 | G23: 0 | H23: 0 | I23: 0 | J23: 0 | K23: 0 | L23: 0 | M23: 0 | N23: 2 | O23: 0 | P23: 2 | Q23: 2 | R23: 2 | S23: 0 | T23: 1 | U23: 1 | V23: 0 | W23: 1 | X23: 1 | Y23: 1 | Z23: 0 | AA23: 0 | AB23: 1 | AC23: 1 | AD23: 3 | AE23: 0 | AF23: 0 | AG23: 0 | AH23: 0 | AI23: 0 | AJ23: 0 | AK23: 1 | AL23: 0 | AM23: 0 | AN23: 0 | AO23: 1 | AP23: 2 | AQ23: 0 | AR23: 0 | AS23: 0 | AT23: 0 | AU23: 0 | AV23: 0 | AW23: 0 | AX23: 0
B24: CONSUMO DEPENDIENTE DE DROGAS | C24: 21 | D24: 10 | E24: 11 | F24: 0 | G24: 0 | H24: 0 | I24: 0 | J24: 0 | K24: 0 | L24: 0 | M24: 0 | N24: 1 | O24: 0 | P24: 4 | Q24: 1 | R24: 2 | S24: 3 | T24: 0 | U24: 1 | V24: 2 | W24: 0 | X24: 0 | Y24: 0 | Z24: 0 | AA24: 0 | AB24: 0 | AC24: 2 | AD24: 1 | AE24: 0 | AF24: 0 | AG24: 0 | AH24: 0 | AI24: 2 | AJ24: 0 | AK24: 1 | AL24: 0 | AM24: 1 | AN24: 0 | AO24: 0 | AP24: 1 | AQ24: 0 | AR24: 0 | AS24: 0 | AT24: 0 | AU24: 0 | AV24: 0 | AW24: 0 | AX24: 0
B25: CONSUMO DE DROGAS Y ALCOHOL | C25: 14 | D25: 10 | E25: 4 | F25: 0 | G25: 0 | H25: 0 | I25: 0 | J25: 0 | K25: 0 | L25: 0 | M25: 0 | N25: 1 | O25: 1 | P25: 2 | Q25: 0 | R25: 3 | S25: 0 | T25: 0 | U25: 2 | V25: 0 | W25: 0 | X25: 1 | Y25: 0 | Z25: 1 | AA25: 1 | AB25: 0 | AC25: 0 | AD25: 2 | AE25: 0 | AF25: 0 | AG25: 0 | AH25: 0 | AI25: 0 | AJ25: 0 | AK25: 0 | AL25: 0 | AM25: 0 | AN25: 0 | AO25: 0 | AP25: 0 | AQ25: 0 | AR25: 0 | AS25: 0 | AT25: 0 | AU25: 0 | AV25: 0 | AW25: 0 | AX25: 0
A26: TRASTORNOS DEL COMPORTAMIENTO Y DE LAS EMOCIONES DE COMIENZO HABITUAL EN LA INFANCIA Y ADOLESCENCIA | B26: TRASTORNO HIPERCINÉTICO | C26: 94 | D26: 59 | E26: 35 | F26: 0 | G26: 1 | H26: 18 | I26: 5 | J26: 20 | K26: 9 | L26: 10 | M26: 3 | N26: 3 | O26: 2 | P26: 1 | Q26: 6 | R26: 4 | S26: 3 | T26: 3 | U26: 3 | V26: 0 | W26: 0 | X26: 0 | Y26: 1 | Z26: 0 | AA26: 0 | AB26: 0 | AC26: 1 | AD26: 0 | AE26: 1 | AF26: 0 | AG26: 0 | AH26: 0 | AI26: 0 | AJ26: 0 | AK26: 0 | AL26: 0 | AM26: 0 | AN26: 0 | AP26: 1 | AQ26: 0 | AR26: 6 | AS26: 1 | AT26: 0 | AU26: 4 | AV26: 0 | AW26: 1 | AX26: 0
B27: TRASTORNO DISOCIAL DESAFIANTE Y OPOSICIONISTA | C27: 2 | D27: 1 | E27: 1 | F27: 0 | G27: 0 | H27: 0 | I27: 0 | J27: 1 | K27: 1 | L27: 0 | M27: 0 | N27: 0 | O27: 0 | P27: 0 | Q27: 0 | R27: 0 | S27: 0 | T27: 0 | U27: 0 | V27: 0 | W27: 0 | X27: 0 | Y27: 0 | Z27: 0 | AA27: 0 | AB27: 0 | AC27: 0 | AD27: 0 | AE27: 0 | AF27: 0 | AG27: 0 | AH27: 0 | AI27: 0 | AJ27: 0 | AK27: 0 | AL27: 0 | AM27: 0 | AN27: 0 | AP27: 0 | AQ27: 0 | AR27: 0 | AS27: 0 | AT27: 0 | AU27: 0 | AV27: 0 | AW27: 0 | AX27: 0
B28: TRASTORNO DE ANSIEDAD DE SEPARACIÓN EN LA INFANCIA | C28: 0 | D28: 0 | E28: 0 | F28: 0 | G28: 0
B29: OTROS TRASTORNOS DEL COMPORTAMIENTO Y DE LAS EMOCIONES DE COMIENZO HABITUAL EN LA INFANCIA Y ADOLESCENCIA | C29: 29 | D29: 7 | E29: 22 | F29: 0 | G29: 0 | H29: 2 | I29: 0 | J29: 3 | K29: 7 | L29: 2 | M29: 15 | N29: 0 | O29: 0 | AN29: 0 | AP29: 0 | AQ29: 0 | AR29: 0 | AS29: 1 | AT29: 0 | AU29: 5 | AV29: 0 | AW29: 0 | AX29: 1
A30: TRASTORNOS DE ANSIEDAD | B30: TRASTORNO DE ESTRÉS POST TRAUMATICO | C30: 13 | D30: 1 | E30: 12 | F30: 0 | G30: 0 | H30: 0 | I30: 0 | J30: 1 | K30: 0 | L30: 0 | M30: 1 | N30: 0 | O30: 1 | P30: 0 | Q30: 1 | R30: 0 | S30: 1 | T30: 0 | U30: 0 | V30: 0 | W30: 1 | X30: 0 | Y30: 0 | Z30: 0 | AA30: 3 | AB30: 0 | AC30: 2 | AD30: 0 | AE30: 2 | AF30: 0 | AG30: 0 | AH30: 0 | AI30: 0 | AJ30: 0 | AK30: 0 | AL30: 0 | AM30: 0 | AN30: 1 | AO30: 1 | AP30: 0 | AQ30: 1 | AR30: 1 | AS30: 0 | AT30: 0 | AU30: 0 | AV30: 0 | AW30: 0 | AX30: 0
B31: TRASTORNO DE PÁNICO | C31: 27 | D31: 3 | E31: 24 | F31: 0 | G31: 0 | H31: 0 | I31: 0 | J31: 1 | K31: 0 | L31: 0 | M31: 2 | N31: 0 | O31: 2 | P31: 1 | Q31: 2 | R31: 0 | S31: 6 | T31: 0 | U31: 1 | V31: 0 | W31: 1 | X31: 0 | Y31: 1 | Z31: 1 | AA31: 0 | AB31: 0 | AC31: 4 | AD31: 0 | AE31: 3 | AF31: 0 | AG31: 2 | AH31: 0 | AI31: 0 | AJ31: 0 | AK31: 0 | AL31: 0 | AM31: 0 | AN31: 1 | AO31: 3 | AP31: 0 | AQ31: 1 | AR31: 0 | AS31: 1 | AT31: 0 | AU31: 0 | AV31: 0 | AW31: 0 | AX31: 0
B32: FOBIAS SOCIALES | C32: 5 | D32: 3 | E32: 2 | F32: 0 | G32: 0 | H32: 0 | I32: 0 | J32: 0 | K32: 0 | L32: 2 | M32: 0 | N32: 0 | O32: 2 | P32: 1 | Q32: 0 | R32: 0 | S32: 0 | T32: 0 | U32: 0 | V32: 0 | W32: 0 | X32: 0 | Y32: 0 | Z32: 0 | AA32: 0 | AB32: 0 | AC32: 0 | AD32: 0 | AE32: 0 | AF32: 0 | AG32: 0 | AH32: 0 | AI32: 0 | AJ32: 0 | AK32: 0 | AL32: 0 | AM32: 0 | AN32: 1 | AO32: 1 | AP32: 1 | AQ32: 1 | AR32: 1 | AS32: 1 | AT32: 1 | AU32: 1 | AV32: 1 | AW32: 1 | AX32: 1
B33: TRASTORNOS DE ANSIEDAD GENERALIZADA | C33: 52 | D33: 13 | E33: 39 | F33: 0 | G33: 0 | H33: 0 | I33: 0 | J33: 0 | K33: 1 | L33: 1 | M33: 0 | N33: 0 | O33: 3 | P33: 2 | Q33: 6 | R33: 2 | S33: 2 | T33: 1 | U33: 5 | V33: 0 | W33: 4 | X33: 1 | Y33: 2 | Z33: 1 | AA33: 1 | AB33: 1 | AC33: 3 | AD33: 2 | AE33: 6 | AF33: 2 | AG33: 3 | AH33: 0 | AI33: 3 | AJ33: 0 | AK33: 0 | AL33: 0 | AM33: 0 | AN33: 0 | AO33: 2 | AP33: 0 | AQ33: 1 | AR33: 1 | AS33: 0 | AT33: 0 | AU33: 0 | AV33: 0 | AW33: 2 | AX33: 0
B34: OTROS TRASTORNOS DE ANSIEDAD | C34: 414 | D34: 84 | E34: 330 | F34: 0 | G34: 0 | H34: 0 | I34: 0 | J34: 2 | K34: 5 | L34: 8 | M34: 23 | N34: 4 | O34: 15 | P34: 15 | Q34: 29 | R34: 5 | S34: 23 | T34: 6 | U34: 30 | V34: 5 | W34: 11 | X34: 3 | Y34: 16 | Z34: 3 | AA34: 17 | AB34: 7 | AC34: 34 | AD34: 3 | AE34: 48 | AF34: 10 | AG34: 37 | AH34: 7 | AI34: 18 | AJ34: 4 | AK34: 16 | AL34: 2 | AM34: 8 | AN34: 4 | AO34: 31 | AP34: 3 | AQ34: 14 | AR34: 6 | AS34: 8 | AT34: 0 | AU34: 1 | AV34: 0 | AW34: 4 | AX34: 2
A35: DEMENCIAS (INCLUYE ALZHEIMER) | B35: LEVE | C35: 21 | D35: 6 | E35: 15 | R35: 0 | S35: 0 | T35: 0 | U35: 0 | V35: 0 | W35: 0 | X35: 0 | Y35: 0 | Z35: 0 | AA35: 0 | AB35: 0 | AC35: 0 | AD35: 1 | AE35: 0 | AF35: 1 | AG35: 3 | AH35: 1 | AI35: 5 | AJ35: 2 | AK35: 2 | AL35: 1 | AM35: 5 | AP35: 0 | AQ35: 1 | AR35: 0 | AS35: 0 | AV35: 21 | AW35: 1 | AX35: 0
B36: MODERADO | C36: 35 | D36: 12 | E36: 23 | R36: 0 | S36: 0 | T36: 0 | U36: 0 | V36: 0 | W36: 0 | X36: 1 | Y36: 0 | Z36: 0 | AA36: 0 | AB36: 0 | AC36: 0 | AD36: 0 | AE36: 0 | AF36: 2 | AG36: 0 | AH36: 0 | AI36: 0 | AJ36: 3 | AK36: 2 | AL36: 6 | AM36: 21 | AP36: 0 | AQ36: 0 | AR36: 0 | AS36: 0 | AV36: 35 | AW36: 0 | AX36: 0
B37: AVANZADO | C37: 16 | D37: 7 | E37: 9 | R37: 0 | S37: 0 | T37: 0 | U37: 0 | V37: 0 | W37: 0 | X37: 0 | Y37: 0 | Z37: 0 | AA37: 0 | AB37: 0 | AC37: 0 | AD37: 2 | AE37: 0 | AF37: 0 | AG37: 0 | AH37: 0 | AI37: 0 | AJ37: 1 | AK37: 3 | AL37: 4 | AM37: 6 | AP37: 0 | AQ37: 0 | AR37: 0 | AS37: 0 | AV37: 16 | AW37: 0 | AX37: 0
A38: ESQUIZOFRENIA | C38: 0 | D38: 0 | E38: 0 | F38: 0 | G38: 0
A39: TRASTORNO ADAPTATIVO | C39: 277 | D39: 45 | E39: 232 | F39: 0 | G39: 0 | H39: 0 | I39: 1 | J39: 4 | K39: 4 | L39: 3 | M39: 7 | N39: 1 | O39: 4 | P39: 2 | Q39: 7 | R39: 2 | S39: 16 | T39: 1 | U39: 19 | V39: 2 | W39: 7 | X39: 0 | Y39: 8 | Z39: 2 | AA39: 18 | AB39: 2 | AC39: 27 | AD39: 6 | AE39: 42 | AF39: 4 | AG39: 28 | AH39: 4 | AI39: 18 | AJ39: 7 | AK39: 14 | AL39: 5 | AM39: 12 | AN39: 3 | AO39: 27 | AP39: 2 | AQ39: 12 | AR39: 1 | AS39: 6 | AT39: 0 | AU39: 1 | AV39: 0 | AW39: 1 | AX39: 0
A40: TRASTORNOS DE LA CONDUCTA ALIMENTARIA | C40: 5 | D40: 0 | E40: 5 | F40: 0 | G40: 0 | H40: 0 | I40: 0 | J40: 0 | K40: 0 | L40: 0 | M40: 2 | N40: 0 | O40: 2 | P40: 0 | Q40: 0 | R40: 0 | S40: 0 | T40: 0 | U40: 0 | V40: 0 | W40: 0 | X40: 0 | Y40: 0 | Z40: 0 | AA40: 0 | AB40: 0 | AC40: 1 | AD40: 0 | AE40: 0 | AF40: 0 | AG40: 0 | AH40: 0 | AI40: 0 | AJ40: 0 | AK40: 0 | AL40: 0 | AM40: 0 | AN40: 0 | AO40: 0 | AP40: 0 | AQ40: 0 | AR40: 0 | AS40: 1 | AT40: 0 | AU40: 0 | AV40: 0 | AW40: 0 | AX40: 0
A41: RETRASO MENTAL | C41: 11 | D41: 6 | E41: 5 | F41: 0 | G41: 0 | H41: 0 | I41: 0 | J41: 1 | K41: 1 | L41: 0 | M41: 0 | N41: 0 | O41: 0 | P41: 2 | Q41: 0 | R41: 0 | S41: 1 | T41: 1 | U41: 0 | V41: 0 | W41: 1 | X41: 0 | Y41: 1 | Z41: 0 | AA41: 0 | AB41: 1 | AC41: 0 | AD41: 0 | AE41: 0 | AF41: 1 | AG41: 1 | AH41: 0 | AI41: 0 | AJ41: 0 | AK41: 0 | AL41: 0 | AM41: 0 | AN41: 0 | AO41: 0 | AP41: 1 | AQ41: 0 | AR41: 0 | AS41: 0 | AT41: 0 | AU41: 0 | AV41: 0 | AW41: 0 | AX41: 0
A42: TRASTORNO DE PERSONALIDAD | C42: 197 | D42: 24 | E42: 173 | F42: 0 | G42: 0 | H42: 0 | I42: 0 | J42: 0 | K42: 1 | L42: 1 | M42: 8 | N42: 3 | O42: 11 | P42: 4 | Q42: 13 | R42: 3 | S42: 14 | T42: 2 | U42: 11 | V42: 1 | W42: 10 | X42: 2 | Y42: 6 | Z42: 0 | AA42: 12 | AB42: 1 | AC42: 23 | AD42: 4 | AE42: 24 | AF42: 1 | AG42: 22 | AH42: 2 | AI42: 11 | AJ42: 0 | AK42: 5 | AL42: 0 | AM42: 2 | AN42: 3 | AO42: 13 | AP42: 1 | AQ42: 7 | AR42: 1 | AS42: 5 | AT42: 0 | AU42: 0 | AV42: 0 | AW42: 3 | AX42: 0
A43: TRASTORNO GENERALIZADOS DEL DESARROLLO | B43: AUTISMO | C43: 37 | D43: 19 | E43: 18 | F43: 0 | G43: 0 | H43: 0 | I43: 0 | J43: 2 | K43: 2 | L43: 9 | M43: 6 | N43: 2 | O43: 5 | P43: 2 | Q43: 2 | R43: 0 | S43: 1 | T43: 2 | U43: 0 | V43: 1 | W43: 1 | X43: 0 | Y43: 0 | Z43: 1 | AA43: 0 | AB43: 0 | AC43: 0 | AD43: 0 | AE43: 1 | AF43: 0 | AG43: 0 | AH43: 0 | AI43: 0 | AJ43: 0 | AK43: 0 | AL43: 0 | AM43: 0 | AN43: 0 | AO43: 0 | AP43: 0 | AQ43: 1 | AR43: 0 | AS43: 0 | AT43: 0 | AU43: 0 | AV43: 0 | AW43: 0 | AX43: 0
B44: ASPERGER | C44: 2 | D44: 2 | E44: 0 | F44: 0 | G44: 0 | H44: 0 | I44: 0 | J44: 0 | K44: 0 | L44: 0 | M44: 0 | N44: 1 | O44: 0 | P44: 1 | Q44: 0 | R44: 0 | S44: 0 | T44: 0 | U44: 0 | V44: 0 | W44: 0 | X44: 0 | Y44: 0 | Z44: 0 | AA44: 0 | AB44: 0 | AC44: 0 | AD44: 0 | AE44: 0 | AF44: 0 | AG44: 0 | AH44: 0 | AI44: 0 | AJ44: 0 | AK44: 0 | AL44: 0 | AM44: 0 | AN44: 0 | AO44: 0 | AP44: 0 | AQ44: 0 | AR44: 0 | AS44: 0 | AT44: 0 | AU44: 0 | AV44: 0 | AW44: 0 | AX44: 0
B45: SÍNDROME DE RETT | C45: 0 | D45: 0 | E45: 0 | F45: 0 | G45: 0
B46: TRASTORNO DESINTEGRATIVO DE LA INFANCIA | C46: 0 | D46: 0 | E46: 0 | F46: 0 | G46: 0
B47: TRASTONO GENERALIZADO DEL DESARROLLO NO ESPECÍFICO | C47: 7 | D47: 4 | E47: 3 | F47: 0 | G47: 0 | H47: 0 | I47: 0 | J47: 1 | K47: 1 | L47: 1 | M47: 1 | N47: 0 | O47: 1 | P47: 0 | Q47: 0 | R47: 1 | S47: 0 | T47: 1 | U47: 0 | V47: 0 | W47: 0 | X47: 0 | Y47: 0 | Z47: 0 | AA47: 0 | AB47: 0 | AC47: 0 | AD47: 0 | AE47: 0 | AF47: 0 | AG47: 0 | AH47: 0 | AI47: 0 | AJ47: 0 | AK47: 0 | AL47: 0 | AM47: 0 | AN47: 0 | AO47: 0 | AP47: 0 | AQ47: 0 | AR47: 0 | AS47: 0 | AT47: 0 | AU47: 1 | AV47: 0 | AW47: 1 | AX47: 0
A48: EPILEPSIA | C48: 0 | D48: 0 | E48: 0 | F48: 0 | G48: 0
A49: OTRAS | C49: 175 | D49: 45 | E49: 130 | F49: 0 | G49: 0 | H49: 2 | I49: 0 | J49: 2 | K49: 2 | L49: 2 | M49: 5 | N49: 3 | O49: 3 | P49: 5 | Q49: 7 | R49: 0 | S49: 5 | T49: 3 | U49: 6 | V49: 1 | W49: 4 | X49: 1 | Y49: 3 | Z49: 3 | AA49: 10 | AB49: 2 | AC49: 19 | AD49: 2 | AE49: 26 | AF49: 5 | AG49: 15 | AH49: 6 | AI49: 10 | AJ49: 4 | AK49: 7 | AL49: 4 | AM49: 8 | AN49: 0 | AO49: 6 | AP49: 2 | AQ49: 2 | AR49: 0 | AS49: 2 | AT49: 0 | AU49: 3 | AV49: 0 | AW49: 2 | AX49: 1

Sheet ALTAS
A1: CONCEPTO
C3: esto es lo que no aparece en el A
A4: NUMERO DE PERSONAS EN CONTROL EN EL PROGRAMA | C4: altas clinicas demostrables por formulario | D4: fallecidos | E4: traslado
A5: FACTORES DE RIESGO Y CONDICIONANTES DE LA SALUD MENTAL
A6: VIOLENCIA FISICA | B6: VICTIMA
B7: AGRESOR/A
A8: VIOLENCIA SEXUAL | B8: VICTIMA
B9: AGRESOR/A
A10: VIOLENCIA PSICOLOGICA | B10: VICTIMA
B11: AGRESOR/A
A12: ABUSO SEXUAL
A13: SUICIDIO | B13: IDEACIÓN
B14: INTENTO
A15: PERSONAS CON DIAGNOSTICOS DE TRASTORNOS MENTALES
A16: TRASTORNOS DEL HUMOR (AFECTIVOS) | B16: DEPRESIÓN LEVE | C16: 3
B17: DEPRESIÓN MODERADA | C17: 3
B18: DEPRESIÓN GRAVE | C18: 2
B19: DEPRESIÓN POST PARTO
B20: TRASTORNO BIPOLAR | D20: 0
A21: DIFERENCIA FORMATO ENTRE A Y P
A24: TRASTORNOS MENTALES Y DEL COMPORTAMIENTO DEBIDO A CONSUMO SUSTANCIAS PSICOTROPICAS | B24: CONSUMO PERJUDICIAL DE ALCOHOL | E24: 1
B25: CONSUMO DEPENDIENTE DEL ALCOHOL
B26: CONSUMO PERJUDICIAL DE DROGAS
B27: CONSUMO DEPENDIENTE DE DROGAS
B28: CONSUMO DE DROGAS Y ALCOHOL | E28: 1
A29: TRASTORNOS DEL COMPORTAMIENTO Y DE LAS EMOCIONES DE COMIENZO HABITUAL EN LA INFANCIA Y ADOLESCENCIA | B29: TRASTORNO HIPERCINÉTICO
B30: TRASTORNO DISOCIAL DESAFIANTE Y OPOSICIONISTA
B31: TRASTORNO DE ANSIEDAD DE SEPARACIÓN EN LA INFANCIA
B32: OTROS TRASTORNOS DEL COMPORTAMIENTO Y DE LAS EMOCIONES DE COMIENZO HABITUAL EN LA INFANCIA Y ADOLESCENCIA
A33: TRASTORNOS DE ANSIEDAD | B33: TRASTORNO DE ESTRÉS POST TRAUMATICO
B34: TRASTORNO DE PÁNICO
B35: FOBIAS SOCIALES
B36: TRASTORNOS DE ANSIEDAD GENERALIZADA | C36: 1
B37: OTROS TRASTORNOS DE ANSIEDAD | C37: 3
A38: DEMENCIAS (INCLUYE ALZHEIMER) | B38: LEVE
B39: MODERADO
B40: AVANZADO
A41: ESQUIZOFRENIA
A42: TRASTORNO ADAPTATIVO | C42: 4
A43: TRASTORNOS DE LA CONDUCTA ALIMENTARIA
A44: RETRASO MENTAL
A45: TRASTORNO DE PERSONALIDAD | C45: 2 | E45: 1
A46: TRASTORNO GENERALIZADOS DEL DESARROLLO | B46: AUTISMO
B47: ASPERGER
B48: SÍNDROME DE RETT
B49: TRASTORNO DESINTEGRATIVO DE LA INFANCIA
B50: TRASTONO GENERALIZADO DEL DESARROLLO NO ESPECÍFICO
A51: EPILEPSIA
A52: OTRAS | C52: 4

Sheet CALCULO
A1: NEGATIVO HAY QUE EGRESAR, POSITIVO HAY QUE INGRESAR | C1: T O T A L | D1: Columna1 | E1: Columna2 | F1: GRUPO DE EDAD (en años) | G1: Columna3 | H1: Columna4 | I1: Columna5 | J1: Columna6 | K1: Columna7 | L1: Columna8 | M1: Columna9 | N1: Columna10 | O1: Columna11 | P1: Columna12 | Q1: Columna13 | R1: Columna14 | S1: Columna15 | T1: Columna16 | U1: Columna17 | V1: Columna18 | W1: Columna19 | X1: Columna20 | Y1: Columna21 | Z1: Columna22 | AA1: Columna23 | AB1: Columna24 | AC1: Columna25 | AD1: Columna26 | AE1: Columna27 | AF1: Columna28 | AG1: Columna29 | AH1: Columna30 | AI1: Columna31 | AJ1: Columna32 | AK1: Columna33 | AL1: Columna34 | AM1: Columna35 | AN1: Gestantes | AO1: Madre de Hijo menor de 5 años | AP1: Pueblos Originarios | AQ1: Columna36 | AR1: Migrantes | AS1: Columna37 | AT1: Niños, Niñas, Adolescentes y Jóvenes SENAME | AU1: Niños, Niñas, Adolescentes y Jóvenes Mejor Niñez | AV1: Plan Cuidado Integral Elaborado | AW1: TRANS | AX1: Columna38
F2: 0 a 4 años | H2: 5 a 9 años | J2: 10 a 14 años | L2: 15 a 19 años | N2: 20 a 24 años | P2: 25 a 29 años | R2: 30 a 34 años | T2: 35 a 39 años | V2: 40 a 44 años | X2: 45 a 49 años | Z2: 50 a 54 años | AB2: 55 a 59 años | AD2: 60 a 64 años | AF2: 65 a 69 años | AH2: 70 a 74 años | AJ2: 75 a 79 años | AL2: 80 y más años
C3: Ambos sexos | D3: Hombres | E3: Mujeres | F3: Hombres | G3: Mujeres | H3: Hombres | I3: Mujeres | J3: Hombres | K3: Mujeres | L3: Hombres | M3: Mujeres | N3: Hombres | O3: Mujeres | P3: Hombres | Q3: Mujeres | R3: Hombres | S3: Mujeres | T3: Hombres | U3: Mujeres | V3: Hombres | W3: Mujeres | X3: Hombres | Y3: Mujeres | Z3: Hombres | AA3: Mujeres | AB3: Hombres | AC3: Mujeres | AD3: Hombres | AE3: Mujeres | AF3: Hombres | AG3: Mujeres | AH3: Hombres | AI3: Mujeres | AJ3: Hombres | AK3: Mujeres | AL3: Hombres | AM3: Mujeres | AP3: Hombres | AQ3: Mujeres | AR3: Hombres | AS3: Mujeres | AW3: Masculino | AX3: Femenino
A4: NUMERO DE PERSONAS EN CONTROL EN EL PROGRAMA | C4: =+NUEVO!C4-ANTIGUO!C4 -> -15 | D4: =+NUEVO!D4-ANTIGUO!D4 -> -27 | E4: =+NUEVO!E4-ANTIGUO!E4 -> 12 | F4: =+NUEVO!F4-ANTIGUO!F4 -> 0 | G4: =+NUEVO!G4-ANTIGUO!G4 -> 0 | H4: =+NUEVO!H4-ANTIGUO!H4 -> 0 | I4: =+NUEVO!I4-ANTIGUO!I4 -> -1 | J4: =+NUEVO!J4-ANTIGUO!J4 -> -4 | ... AX4: =+NUEVO!AX4-ANTIGUO!AX4 -> -3
A5: FACTORES DE RIESGO Y CONDICIONANTES DE LA SALUD MENTAL
A6: VIOLENCIA | B6: VICTIMA | C6: =+NUEVO!C6-ANTIGUO!C6 -> 0 | D6: =+NUEVO!D6-ANTIGUO!D6 -> 0 | E6: =+NUEVO!E6-ANTIGUO!E6 -> 0 | F6: =+NUEVO!F6-ANTIGUO!F6 -> 0 | G6: =+NUEVO!G6-ANTIGUO!G6 -> 0 | H6: =+NUEVO!H6-ANTIGUO!H6 -> 0 | I6: =+NUEVO!I6-ANTIGUO!I6 -> 0 | J6: =+NUEVO!J6-ANTIGUO!J6 -> 0 | ... AX6: =+NUEVO!AX6-ANTIGUO!AX6 -> 0
B7: AGRESOR/A | C7: =+NUEVO!C7-ANTIGUO!C7 -> 0 | D7: =+NUEVO!D7-ANTIGUO!D7 -> 0 | E7: =+NUEVO!E7-ANTIGUO!E7 -> 0 | F7: =+NUEVO!F7-ANTIGUO!F7 -> 0 | G7: =+NUEVO!G7-ANTIGUO!G7 -> 0 | H7: =+NUEVO!H7-ANTIGUO!H7 -> 0 | I7: =+NUEVO!I7-ANTIGUO!I7 -> 0 | J7: =+NUEVO!J7-ANTIGUO!J7 -> 0 | ... AX7: =+NUEVO!AX7-ANTIGUO!AX7 -> 0
C8: =+NUEVO!C8-ANTIGUO!C8 -> 0 | D8: =+NUEVO!D8-ANTIGUO!D8 -> 0 | E8: =+NUEVO!E8-ANTIGUO!E8 -> 0 | F8: =+NUEVO!F8-ANTIGUO!F8 -> 0 | G8: =+NUEVO!G8-ANTIGUO!G8 -> 0 | H8: =+NUEVO!H8-ANTIGUO!H8 -> 0 | I8: =+NUEVO!I8-ANTIGUO!I8 -> 0 | J8: =+NUEVO!J8-ANTIGUO!J8 -> 0 | ... AX8: =+NUEVO!AX8-ANTIGUO!AX8 -> 0
C9: =+NUEVO!C9-ANTIGUO!C9 -> 0 | D9: =+NUEVO!D9-ANTIGUO!D9 -> 0 | E9: =+NUEVO!E9-ANTIGUO!E9 -> 0 | F9: =+NUEVO!F9-ANTIGUO!F9 -> 0 | G9: =+NUEVO!G9-ANTIGUO!G9 -> 0 | H9: =+NUEVO!H9-ANTIGUO!H9 -> 0 | I9: =+NUEVO!I9-ANTIGUO!I9 -> 0 | J9: =+NUEVO!J9-ANTIGUO!J9 -> 0 | ... AX9: =+NUEVO!AX9-ANTIGUO!AX9 -> 0
C10: =+NUEVO!C10-ANTIGUO!C10 -> 0 | D10: =+NUEVO!D10-ANTIGUO!D10 -> 0 | E10: =+NUEVO!E10-ANTIGUO!E10 -> 0 | F10: =+NUEVO!F10-ANTIGUO!F10 -> 0 | G10: =+NUEVO!G10-ANTIGUO!G10 -> 0 | H10: =+NUEVO!H10-ANTIGUO!H10 -> 0 | I10: =+NUEVO!I10-ANTIGUO!I10 -> 0 | J10: =+NUEVO!J10-ANTIGUO!J10 -> 0 | ... AX10: =+NUEVO!AX10-ANTIGUO!AX10 -> 0
C11: =+NUEVO!C11-ANTIGUO!C11 -> 0 | D11: =+NUEVO!D11-ANTIGUO!D11 -> 0 | E11: =+NUEVO!E11-ANTIGUO!E11 -> 0 | F11: =+NUEVO!F11-ANTIGUO!F11 -> 0 | G11: =+NUEVO!G11-ANTIGUO!G11 -> 0 | H11: =+NUEVO!H11-ANTIGUO!H11 -> 0 | I11: =+NUEVO!I11-ANTIGUO!I11 -> 0 | J11: =+NUEVO!J11-ANTIGUO!J11 -> 0 | ... AX11: =+NUEVO!AX11-ANTIGUO!AX11 -> 0
A12: ABUSO SEXUAL | C12: =+NUEVO!C12-ANTIGUO!C12 -> 0 | D12: =+NUEVO!D12-ANTIGUO!D12 -> 0 | E12: =+NUEVO!E12-ANTIGUO!E12 -> 0 | F12: =+NUEVO!F12-ANTIGUO!F12 -> 0 | G12: =+NUEVO!G12-ANTIGUO!G12 -> 0 | H12: =+NUEVO!H12-ANTIGUO!H12 -> 0 | I12: =+NUEVO!I12-ANTIGUO!I12 -> 0 | J12: =+NUEVO!J12-ANTIGUO!J12 -> 0 | ... AX12: =+NUEVO!AX12-ANTIGUO!AX12 -> 0
A13: SUICIDIO | B13: IDEACIÓN | C13: =+NUEVO!C13-ANTIGUO!C13 -> -2 | D13: =+NUEVO!D13-ANTIGUO!D13 -> -1 | E13: =+NUEVO!E13-ANTIGUO!E13 -> -1 | F13: =+NUEVO!F13-ANTIGUO!F13 -> 0 | G13: =+NUEVO!G13-ANTIGUO!G13 -> 0 | H13: =+NUEVO!H13-ANTIGUO!H13 -> 0 | I13: =+NUEVO!I13-ANTIGUO!I13 -> 0 | J13: =+NUEVO!J13-ANTIGUO!J13 -> 0 | ... AX13: =+NUEVO!AX13-ANTIGUO!AX13 -> 0
B14: INTENTO | C14: =+NUEVO!C14-ANTIGUO!C14 -> 1 | D14: =+NUEVO!D14-ANTIGUO!D14 -> -1 | E14: =+NUEVO!E14-ANTIGUO!E14 -> 2 | F14: =+NUEVO!F14-ANTIGUO!F14 -> 0 | G14: =+NUEVO!G14-ANTIGUO!G14 -> 0 | H14: =+NUEVO!H14-ANTIGUO!H14 -> 0 | I14: =+NUEVO!I14-ANTIGUO!I14 -> 0 | J14: =+NUEVO!J14-ANTIGUO!J14 -> 0 | ... AX14: =+NUEVO!AX14-ANTIGUO!AX14 -> 0
A15: PERSONAS CON DIAGNOSTICOS DE TRASTORNOS MENTALES | C15: =+NUEVO!C15-ANTIGUO!C15 -> 10 | D15: =+NUEVO!D15-ANTIGUO!D15 -> -19 | E15: =+NUEVO!E15-ANTIGUO!E15 -> 29 | F15: =+NUEVO!F15-ANTIGUO!F15 -> 0 | G15: =+NUEVO!G15-ANTIGUO!G15 -> 0 | H15: =+NUEVO!H15-ANTIGUO!H15 -> 0 | I15: =+NUEVO!I15-ANTIGUO!I15 -> -1 | J15: =+NUEVO!J15-ANTIGUO!J15 -> -4 | ... AX15: =+NUEVO!AX15-ANTIGUO!AX15 -> -2
A16: TRASTORNOS DEL HUMOR (AFECTIVOS) | B16: DEPRESIÓN LEVE | C16: =+NUEVO!C16-ANTIGUO!C16 -> 4 | D16: =+NUEVO!D16-ANTIGUO!D16 -> 1 | E16: =+NUEVO!E16-ANTIGUO!E16 -> 3 | F16: =+NUEVO!F16-ANTIGUO!F16 -> 0 | G16: =+NUEVO!G16-ANTIGUO!G16 -> 0 | H16: =+NUEVO!H16-ANTIGUO!H16 -> 0 | I16: =+NUEVO!I16-ANTIGUO!I16 -> 0 | J16: =+NUEVO!J16-ANTIGUO!J16 -> 0 | ... AX16: =+NUEVO!AX16-ANTIGUO!AX16 -> 0
B17: DEPRESIÓN MODERADA | C17: =+NUEVO!C17-ANTIGUO!C17 -> 20 | D17: =+NUEVO!D17-ANTIGUO!D17 -> 3 | E17: =+NUEVO!E17-ANTIGUO!E17 -> 17 | F17: =+NUEVO!F17-ANTIGUO!F17 -> 0 | G17: =+NUEVO!G17-ANTIGUO!G17 -> 0 | H17: =+NUEVO!H17-ANTIGUO!H17 -> 0 | I17: =+NUEVO!I17-ANTIGUO!I17 -> 0 | J17: =+NUEVO!J17-ANTIGUO!J17 -> 0 | ... AX17: =+NUEVO!AX17-ANTIGUO!AX17 -> 0
B18: DEPRESIÓN GRAVE | C18: =+NUEVO!C18-ANTIGUO!C18 -> 5 | D18: =+NUEVO!D18-ANTIGUO!D18 -> 0 | E18: =+NUEVO!E18-ANTIGUO!E18 -> 5 | F18: =+NUEVO!F18-ANTIGUO!F18 -> 0 | G18: =+NUEVO!G18-ANTIGUO!G18 -> 0 | H18: =+NUEVO!H18-ANTIGUO!H18 -> 0 | I18: =+NUEVO!I18-ANTIGUO!I18 -> 0 | J18: =+NUEVO!J18-ANTIGUO!J18 -> 0 | ... AX18: =+NUEVO!AX18-ANTIGUO!AX18 -> 0
B19: DEPRESIÓN POST PARTO | C19: =+NUEVO!C19-ANTIGUO!C19 -> 0 | D19: =+NUEVO!D19-ANTIGUO!D19 -> 0 | E19: =+NUEVO!E19-ANTIGUO!E19 -> 0 | F19: =+NUEVO!F19-ANTIGUO!F19 -> 0 | G19: =+NUEVO!G19-ANTIGUO!G19 -> 0 | H19: =+NUEVO!H19-ANTIGUO!H19 -> 0 | I19: =+NUEVO!I19-ANTIGUO!I19 -> 0 | J19: =+NUEVO!J19-ANTIGUO!J19 -> 0 | ... AX19: =+NUEVO!AX19-ANTIGUO!AX19 -> 0
B20: TRASTORNO BIPOLAR | C20: =+NUEVO!C20-ANTIGUO!C20 -> 3 | D20: =+NUEVO!D20-ANTIGUO!D20 -> 1 | E20: =+NUEVO!E20-ANTIGUO!E20 -> 2 | F20: =+NUEVO!F20-ANTIGUO!F20 -> 0 | G20: =+NUEVO!G20-ANTIGUO!G20 -> 0 | H20: =+NUEVO!H20-ANTIGUO!H20 -> 0 | I20: =+NUEVO!I20-ANTIGUO!I20 -> 0 | J20: =+NUEVO!J20-ANTIGUO!J20 -> 0 | ... AX20: =+NUEVO!AX20-ANTIGUO!AX20 -> 0
A21: TRASTORNOS MENTALES Y DEL COMPORTAMIENTO DEBIDO A CONSUMO SUSTANCIAS PSICOTROPICAS | B21: CONSUMO PERJUDICIAL DE ALCOHOL | C21: =+NUEVO!C21-ANTIGUO!C21 -> 0 | D21: =+NUEVO!D21-ANTIGUO!D21 -> 0 | E21: =+NUEVO!E21-ANTIGUO!E21 -> 0 | F21: =+NUEVO!F21-ANTIGUO!F21 -> 0 | G21: =+NUEVO!G21-ANTIGUO!G21 -> 0 | H21: =+NUEVO!H21-ANTIGUO!H21 -> 0 | I21: =+NUEVO!I21-ANTIGUO!I21 -> 0 | J21: =+NUEVO!J21-ANTIGUO!J21 -> 0 | ... AX21: =+NUEVO!AX21-ANTIGUO!AX21 -> 0
B22: CONSUMO DEPENDIENTE DEL ALCOHOL | C22: =+NUEVO!C22-ANTIGUO!C22 -> 1 | D22: =+NUEVO!D22-ANTIGUO!D22 -> 2 | E22: =+NUEVO!E22-ANTIGUO!E22 -> -1 | F22: =+NUEVO!F22-ANTIGUO!F22 -> 0 | G22: =+NUEVO!G22-ANTIGUO!G22 -> 0 | H22: =+NUEVO!H22-ANTIGUO!H22 -> 0 | I22: =+NUEVO!I22-ANTIGUO!I22 -> 0 | J22: =+NUEVO!J22-ANTIGUO!J22 -> 0 | ... AX22: =+NUEVO!AX22-ANTIGUO!AX22 -> 0
B23: CONSUMO PERJUDICIAL DE DROGAS | C23: =+NUEVO!C23-ANTIGUO!C23 -> 3 | D23: =+NUEVO!D23-ANTIGUO!D23 -> 3 | E23: =+NUEVO!E23-ANTIGUO!E23 -> 0 | F23: =+NUEVO!F23-ANTIGUO!F23 -> 0 | G23: =+NUEVO!G23-ANTIGUO!G23 -> 0 | H23: =+NUEVO!H23-ANTIGUO!H23 -> 0 | I23: =+NUEVO!I23-ANTIGUO!I23 -> 0 | J23: =+NUEVO!J23-ANTIGUO!J23 -> 0 | ... AX23: =+NUEVO!AX23-ANTIGUO!AX23 -> 0
B24: CONSUMO DEPENDIENTE DE DROGAS | C24: =+NUEVO!C24-ANTIGUO!C24 -> 2 | D24: =+NUEVO!D24-ANTIGUO!D24 -> 1 | E24: =+NUEVO!E24-ANTIGUO!E24 -> 1 | F24: =+NUEVO!F24-ANTIGUO!F24 -> 0 | G24: =+NUEVO!G24-ANTIGUO!G24 -> 0 | H24: =+NUEVO!H24-ANTIGUO!H24 -> 0 | I24: =+NUEVO!I24-ANTIGUO!I24 -> 0 | J24: =+NUEVO!J24-ANTIGUO!J24 -> 0 | ... AX24: =+NUEVO!AX24-ANTIGUO!AX24 -> 0
B25: CONSUMO DE DROGAS Y ALCOHOL | C25: =+NUEVO!C25-ANTIGUO!C25 -> -1 | D25: =+NUEVO!D25-ANTIGUO!D25 -> -1 | E25: =+NUEVO!E25-ANTIGUO!E25 -> 0 | F25: =+NUEVO!F25-ANTIGUO!F25 -> 0 | G25: =+NUEVO!G25-ANTIGUO!G25 -> 0 | H25: =+NUEVO!H25-ANTIGUO!H25 -> 0 | I25: =+NUEVO!I25-ANTIGUO!I25 -> 0 | J25: =+NUEVO!J25-ANTIGUO!J25 -> 0 | ... AX25: =+NUEVO!AX25-ANTIGUO!AX25 -> 0
A26: TRASTORNOS DEL COMPORTAMIENTO Y DE LAS EMOCIONES DE COMIENZO HABITUAL EN LA INFANCIA Y ADOLESCENCIA | B26: TRASTORNO HIPERCINÉTICO | C26: =+NUEVO!C26-ANTIGUO!C26 -> 7 | D26: =+NUEVO!D26-ANTIGUO!D26 -> 3 | E26: =+NUEVO!E26-ANTIGUO!E26 -> 4 | F26: =+NUEVO!F26-ANTIGUO!F26 -> 0 | G26: =+NUEVO!G26-ANTIGUO!G26 -> 0 | H26: =+NUEVO!H26-ANTIGUO!H26 -> 2 | I26: =+NUEVO!I26-ANTIGUO!I26 -> 0 | J26: =+NUEVO!J26-ANTIGUO!J26 -> 0 | ... AX26: =+NUEVO!AX26-ANTIGUO!AX26 -> 0
B27: TRASTORNO DISOCIAL DESAFIANTE Y OPOSICIONISTA | C27: =+NUEVO!C27-ANTIGUO!C27 -> 1 | D27: =+NUEVO!D27-ANTIGUO!D27 -> 0 | E27: =+NUEVO!E27-ANTIGUO!E27 -> 1 | F27: =+NUEVO!F27-ANTIGUO!F27 -> 0 | G27: =+NUEVO!G27-ANTIGUO!G27 -> 0 | H27: =+NUEVO!H27-ANTIGUO!H27 -> 0 | I27: =+NUEVO!I27-ANTIGUO!I27 -> 0 | J27: =+NUEVO!J27-ANTIGUO!J27 -> 0 | ... AX27: =+NUEVO!AX27-ANTIGUO!AX27 -> 0
B28: TRASTORNO DE ANSIEDAD DE SEPARACIÓN EN LA INFANCIA | C28: =+NUEVO!C28-ANTIGUO!C28 -> 0 | D28: =+NUEVO!D28-ANTIGUO!D28 -> 0 | E28: =+NUEVO!E28-ANTIGUO!E28 -> 0 | F28: =+NUEVO!F28-ANTIGUO!F28 -> 0 | G28: =+NUEVO!G28-ANTIGUO!G28 -> 0 | H28: =+NUEVO!H28-ANTIGUO!H28 -> 0 | I28: =+NUEVO!I28-ANTIGUO!I28 -> 0 | J28: =+NUEVO!J28-ANTIGUO!J28 -> 0 | ... AX28: =+NUEVO!AX28-ANTIGUO!AX28 -> 0
B29: OTROS TRASTORNOS DEL COMPORTAMIENTO Y DE LAS EMOCIONES DE COMIENZO HABITUAL EN LA INFANCIA Y ADOLESCENCIA | C29: =+NUEVO!C29-ANTIGUO!C29 -> 1 | D29: =+NUEVO!D29-ANTIGUO!D29 -> -1 | E29: =+NUEVO!E29-ANTIGUO!E29 -> 2 | F29: =+NUEVO!F29-ANTIGUO!F29 -> 0 | G29: =+NUEVO!G29-ANTIGUO!G29 -> 0 | H29: =+NUEVO!H29-ANTIGUO!H29 -> 0 | I29: =+NUEVO!I29-ANTIGUO!I29 -> 0 | J29: =+NUEVO!J29-ANTIGUO!J29 -> 0 | ... AX29: =+NUEVO!AX29-ANTIGUO!AX29 -> 0
A30: TRASTORNOS DE ANSIEDAD | B30: TRASTORNO DE ESTRÉS POST TRAUMATICO | C30: =+NUEVO!C30-ANTIGUO!C30 -> 1 | D30: =+NUEVO!D30-ANTIGUO!D30 -> 1 | E30: =+NUEVO!E30-ANTIGUO!E30 -> 0 | F30: =+NUEVO!F30-ANTIGUO!F30 -> 0 | G30: =+NUEVO!G30-ANTIGUO!G30 -> 0 | H30: =+NUEVO!H30-ANTIGUO!H30 -> 0 | I30: =+NUEVO!I30-ANTIGUO!I30 -> 0 | J30: =+NUEVO!J30-ANTIGUO!J30 -> 1 | ... AX30: =+NUEVO!AX30-ANTIGUO!AX30 -> 0
B31: TRASTORNO DE PÁNICO | C31: =+NUEVO!C31-ANTIGUO!C31 -> 4 | D31: =+NUEVO!D31-ANTIGUO!D31 -> 1 | E31: =+NUEVO!E31-ANTIGUO!E31 -> 3 | F31: =+NUEVO!F31-ANTIGUO!F31 -> 0 | G31: =+NUEVO!G31-ANTIGUO!G31 -> 0 | H31: =+NUEVO!H31-ANTIGUO!H31 -> 0 | I31: =+NUEVO!I31-ANTIGUO!I31 -> 0 | J31: =+NUEVO!J31-ANTIGUO!J31 -> 1 | ... AX31: =+NUEVO!AX31-ANTIGUO!AX31 -> 0
B32: FOBIAS SOCIALES | C32: =+NUEVO!C32-ANTIGUO!C32 -> 0 | D32: =+NUEVO!D32-ANTIGUO!D32 -> 0 | E32: =+NUEVO!E32-ANTIGUO!E32 -> 0 | F32: =+NUEVO!F32-ANTIGUO!F32 -> 0 | G32: =+NUEVO!G32-ANTIGUO!G32 -> 0 | H32: =+NUEVO!H32-ANTIGUO!H32 -> 0 | I32: =+NUEVO!I32-ANTIGUO!I32 -> 0 | J32: =+NUEVO!J32-ANTIGUO!J32 -> 0 | ... AX32: =+NUEVO!AX32-ANTIGUO!AX32 -> 1
B33: TRASTORNOS DE ANSIEDAD GENERALIZADA | C33: =+NUEVO!C33-ANTIGUO!C33 -> -1 | D33: =+NUEVO!D33-ANTIGUO!D33 -> -1 | E33: =+NUEVO!E33-ANTIGUO!E33 -> 0 | F33: =+NUEVO!F33-ANTIGUO!F33 -> 0 | G33: =+NUEVO!G33-ANTIGUO!G33 -> 0 | H33: =+NUEVO!H33-ANTIGUO!H33 -> 0 | I33: =+NUEVO!I33-ANTIGUO!I33 -> 0 | J33: =+NUEVO!J33-ANTIGUO!J33 -> 0 | ... AX33: =+NUEVO!AX33-ANTIGUO!AX33 -> 0
B34: OTROS TRASTORNOS DE ANSIEDAD | C34: =+NUEVO!C34-ANTIGUO!C34 -> 315 | D34: =+NUEVO!D34-ANTIGUO!D34 -> 61 | E34: =+NUEVO!E34-ANTIGUO!E34 -> 254 | F34: =+NUEVO!F34-ANTIGUO!F34 -> 0 | G34: =+NUEVO!G34-ANTIGUO!G34 -> 0 | H34: =+NUEVO!H34-ANTIGUO!H34 -> 0 | I34: =+NUEVO!I34-ANTIGUO!I34 -> 0 | J34: =+NUEVO!J34-ANTIGUO!J34 -> 1 | ... AX34: =+NUEVO!AX34-ANTIGUO!AX34 -> 0
A35: DEMENCIAS (INCLUYE ALZHEIMER) | B35: LEVE | C35: =+NUEVO!C35-ANTIGUO!C35 -> 0 | D35: =+NUEVO!D35-ANTIGUO!D35 -> 0 | E35: =+NUEVO!E35-ANTIGUO!E35 -> 0 | F35: =+NUEVO!F35-ANTIGUO!F35 -> 0 | G35: =+NUEVO!G35-ANTIGUO!G35 -> 0 | H35: =+NUEVO!H35-ANTIGUO!H35 -> 0 | I35: =+NUEVO!I35-ANTIGUO!I35 -> 0 | J35: =+NUEVO!J35-ANTIGUO!J35 -> 0 | ... AX35: =+NUEVO!AX35-ANTIGUO!AX35 -> 0
B36: MODERADO | C36: =+NUEVO!C36-ANTIGUO!C36 -> 0 | D36: =+NUEVO!D36-ANTIGUO!D36 -> 2 | E36: =+NUEVO!E36-ANTIGUO!E36 -> -2 | F36: =+NUEVO!F36-ANTIGUO!F36 -> 0 | G36: =+NUEVO!G36-ANTIGUO!G36 -> 0 | H36: =+NUEVO!H36-ANTIGUO!H36 -> 0 | I36: =+NUEVO!I36-ANTIGUO!I36 -> 0 | J36: =+NUEVO!J36-ANTIGUO!J36 -> 0 | ... AX36: =+NUEVO!AX36-ANTIGUO!AX36 -> 0
B37: AVANZADO | C37: =+NUEVO!C37-ANTIGUO!C37 -> 0 | D37: =+NUEVO!D37-ANTIGUO!D37 -> 0 | E37: =+NUEVO!E37-ANTIGUO!E37 -> 0 | F37: =+NUEVO!F37-ANTIGUO!F37 -> 0 | G37: =+NUEVO!G37-ANTIGUO!G37 -> 0 | H37: =+NUEVO!H37-ANTIGUO!H37 -> 0 | I37: =+NUEVO!I37-ANTIGUO!I37 -> 0 | J37: =+NUEVO!J37-ANTIGUO!J37 -> 0 | ... AX37: =+NUEVO!AX37-ANTIGUO!AX37 -> 0
A38: ESQUIZOFRENIA | C38: =+NUEVO!C38-ANTIGUO!C38 -> 0 | D38: =+NUEVO!D38-ANTIGUO!D38 -> 0 | E38: =+NUEVO!E38-ANTIGUO!E38 -> 0 | F38: =+NUEVO!F38-ANTIGUO!F38 -> 0 | G38: =+NUEVO!G38-ANTIGUO!G38 -> 0 | H38: =+NUEVO!H38-ANTIGUO!H38 -> 0 | I38: =+NUEVO!I38-ANTIGUO!I38 -> 0 | J38: =+NUEVO!J38-ANTIGUO!J38 -> 0 | ... AX38: =+NUEVO!AX38-ANTIGUO!AX38 -> 0
A39: TRASTORNO ADAPTATIVO | C39: =+NUEVO!C39-ANTIGUO!C39 -> 125 | D39: =+NUEVO!D39-ANTIGUO!D39 -> 24 | E39: =+NUEVO!E39-ANTIGUO!E39 -> 101 | F39: =+NUEVO!F39-ANTIGUO!F39 -> 0 | G39: =+NUEVO!G39-ANTIGUO!G39 -> 0 | H39: =+NUEVO!H39-ANTIGUO!H39 -> 0 | I39: =+NUEVO!I39-ANTIGUO!I39 -> 0 | J39: =+NUEVO!J39-ANTIGUO!J39 -> 3 | ... AX39: =+NUEVO!AX39-ANTIGUO!AX39 -> -1
A40: TRASTORNOS DE LA CONDUCTA ALIMENTARIA | C40: =+NUEVO!C40-ANTIGUO!C40 -> 1 | D40: =+NUEVO!D40-ANTIGUO!D40 -> 0 | E40: =+NUEVO!E40-ANTIGUO!E40 -> 1 | F40: =+NUEVO!F40-ANTIGUO!F40 -> 0 | G40: =+NUEVO!G40-ANTIGUO!G40 -> 0 | H40: =+NUEVO!H40-ANTIGUO!H40 -> 0 | I40: =+NUEVO!I40-ANTIGUO!I40 -> 0 | J40: =+NUEVO!J40-ANTIGUO!J40 -> 0 | ... AX40: =+NUEVO!AX40-ANTIGUO!AX40 -> 0
A41: RETRASO MENTAL | C41: =+NUEVO!C41-ANTIGUO!C41 -> 1 | D41: =+NUEVO!D41-ANTIGUO!D41 -> 1 | E41: =+NUEVO!E41-ANTIGUO!E41 -> 0 | F41: =+NUEVO!F41-ANTIGUO!F41 -> 0 | G41: =+NUEVO!G41-ANTIGUO!G41 -> 0 | H41: =+NUEVO!H41-ANTIGUO!H41 -> 0 | I41: =+NUEVO!I41-ANTIGUO!I41 -> 0 | J41: =+NUEVO!J41-ANTIGUO!J41 -> 0 | ... AX41: =+NUEVO!AX41-ANTIGUO!AX41 -> 0
A42: TRASTORNO DE PERSONALIDAD | C42: =+NUEVO!C42-ANTIGUO!C42 -> 7 | D42: =+NUEVO!D42-ANTIGUO!D42 -> 0 | E42: =+NUEVO!E42-ANTIGUO!E42 -> 7 | F42: =+NUEVO!F42-ANTIGUO!F42 -> 0 | G42: =+NUEVO!G42-ANTIGUO!G42 -> 0 | H42: =+NUEVO!H42-ANTIGUO!H42 -> 0 | I42: =+NUEVO!I42-ANTIGUO!I42 -> 0 | J42: =+NUEVO!J42-ANTIGUO!J42 -> 0 | ... AX42: =+NUEVO!AX42-ANTIGUO!AX42 -> 0
A43: TRASTORNO GENERALIZADOS DEL DESARROLLO | B43: AUTISMO | C43: =+NUEVO!C43-ANTIGUO!C43 -> 2 | D43: =+NUEVO!D43-ANTIGUO!D43 -> 2 | E43: =+NUEVO!E43-ANTIGUO!E43 -> 0 | F43: =+NUEVO!F43-ANTIGUO!F43 -> 0 | G43: =+NUEVO!G43-ANTIGUO!G43 -> 0 | H43: =+NUEVO!H43-ANTIGUO!H43 -> 0 | I43: =+NUEVO!I43-ANTIGUO!I43 -> 0 | J43: =+NUEVO!J43-ANTIGUO!J43 -> 0 | ... AX43: =+NUEVO!AX43-ANTIGUO!AX43 -> 0
B44: ASPERGER | C44: =+NUEVO!C44-ANTIGUO!C44 -> 1 | D44: =+NUEVO!D44-ANTIGUO!D44 -> 1 | E44: =+NUEVO!E44-ANTIGUO!E44 -> 0 | F44: =+NUEVO!F44-ANTIGUO!F44 -> 0 | G44: =+NUEVO!G44-ANTIGUO!G44 -> 0 | H44: =+NUEVO!H44-ANTIGUO!H44 -> 0 | I44: =+NUEVO!I44-ANTIGUO!I44 -> 0 | J44: =+NUEVO!J44-ANTIGUO!J44 -> 0 | ... AX44: =+NUEVO!AX44-ANTIGUO!AX44 -> 0
B45: SÍNDROME DE RETT | C45: =+NUEVO!C45-ANTIGUO!C45 -> 0 | D45: =+NUEVO!D45-ANTIGUO!D45 -> 0 | E45: =+NUEVO!E45-ANTIGUO!E45 -> 0 | F45: =+NUEVO!F45-ANTIGUO!F45 -> 0 | G45: =+NUEVO!G45-ANTIGUO!G45 -> 0 | H45: =+NUEVO!H45-ANTIGUO!H45 -> 0 | I45: =+NUEVO!I45-ANTIGUO!I45 -> 0 | J45: =+NUEVO!J45-ANTIGUO!J45 -> 0 | ... AX45: =+NUEVO!AX45-ANTIGUO!AX45 -> 0
B46: TRASTORNO DESINTEGRATIVO DE LA INFANCIA | C46: =+NUEVO!C46-ANTIGUO!C46 -> 0 | D46: =+NUEVO!D46-ANTIGUO!D46 -> 0 | E46: =+NUEVO!E46-ANTIGUO!E46 -> 0 | F46: =+NUEVO!F46-ANTIGUO!F46 -> 0 | G46: =+NUEVO!G46-ANTIGUO!G46 -> 0 | H46: =+NUEVO!H46-ANTIGUO!H46 -> 0 | I46: =+NUEVO!I46-ANTIGUO!I46 -> 0 | J46: =+NUEVO!J46-ANTIGUO!J46 -> 0 | ... AX46: =+NUEVO!AX46-ANTIGUO!AX46 -> 0
B47: TRASTONO GENERALIZADO DEL DESARROLLO NO ESPECÍFICO | C47: =+NUEVO!C47-ANTIGUO!C47 -> 0 | D47: =+NUEVO!D47-ANTIGUO!D47 -> 0 | E47: =+NUEVO!E47-ANTIGUO!E47 -> 0 | F47: =+NUEVO!F47-ANTIGUO!F47 -> 0 | G47: =+NUEVO!G47-ANTIGUO!G47 -> 0 | H47: =+NUEVO!H47-ANTIGUO!H47 -> 0 | I47: =+NUEVO!I47-ANTIGUO!I47 -> 0 | J47: =+NUEVO!J47-ANTIGUO!J47 -> 0 | ... AX47: =+NUEVO!AX47-ANTIGUO!AX47 -> 0
A48: EPILEPSIA | C48: =+NUEVO!C48-ANTIGUO!C48 -> 0 | D48: =+NUEVO!D48-ANTIGUO!D48 -> 0 | E48: =+NUEVO!E48-ANTIGUO!E48 -> 0 | F48: =+NUEVO!F48-ANTIGUO!F48 -> 0 | G48: =+NUEVO!G48-ANTIGUO!G48 -> 0 | H48: =+NUEVO!H48-ANTIGUO!H48 -> 0 | I48: =+NUEVO!I48-ANTIGUO!I48 -> 0 | J48: =+NUEVO!J48-ANTIGUO!J48 -> 0 | ... AX48: =+NUEVO!AX48-ANTIGUO!AX48 -> 0
A49: OTRAS | C49: =+NUEVO!C49-ANTIGUO!C49 -> 62 | D49: =+NUEVO!D49-ANTIGUO!D49 -> 16 | E49: =+NUEVO!E49-ANTIGUO!E49 -> 46 | F49: =+NUEVO!F49-ANTIGUO!F49 -> 0 | G49: =+NUEVO!G49-ANTIGUO!G49 -> 0 | H49: =+NUEVO!H49-ANTIGUO!H49 -> 0 | I49: =+NUEVO!I49-ANTIGUO!I49 -> 0 | J49: =+NUEVO!J49-ANTIGUO!J49 -> 1 | ... AX49: =+NUEVO!AX49-ANTIGUO!AX49 -> 0

Sheet INGRESOS
A1: CONCEPTO | C1: T O T A L | F1: GRUPO DE EDAD (en años) | AN1: Gestantes | AO1: Madre de Hijo menor de 5 años | AP1: Pueblos Originarios | AZ1: ACCESORIAS | BA1: Migrantes | BC1: Niños, Niñas, Adolescentes y Jóvenes SENAME | BD1: Niños, Niñas, Adolescentes y Jóvenes Mejor Niñez | BE1: Plan Cuidado Integral Elaborado | BF1: TRANS
F2: 0 a 4 años | H2: 5 a 9 años | J2: 10 a 14 años | L2: 15 a 19 años | N2: 20 a 24 años | P2: 25 a 29 años | R2: 30 a 34 años | T2: 35 a 39 años | V2: 40 a 44 años | X2: 45 a 49 años | Z2: 50 a 54 años | AB2: 55 a 59 años | AD2: 60 a 64 años | AF2: 65 a 69 años | AH2: 70 a 74 años | AJ2: 75 a 79 años | AL2: 80 y más años | AR2: Niños, Niñas, Adolescentes y Jóvenes SENAME | AS2: Niños, Niñas, Adolescentes y Jóvenes Mejor Niñez | AT2: Migrantes | AV2: TRANS | AW2: TRANS Femenino/ Masculino
C3: Ambos sexos | D3: Hombres | E3: Mujeres | F3: Hombres2 | G3: Mujeres3 | H3: Hombres4 | I3: Mujeres5 | J3: Hombres6 | K3: Mujeres7 | L3: Hombres8 | M3: Mujeres9 | N3: Hombres10 | O3: Mujeres11 | P3: Hombres12 | Q3: Mujeres13 | R3: Hombres14 | S3: Mujeres15 | T3: Hombres16 | U3: Mujeres17 | V3: Hombres18 | W3: Mujeres19 | X3: Hombres20 | Y3: Mujeres21 | Z3: Hombres22 | AA3: Mujeres23 | AB3: Hombres24 | AC3: Mujeres25 | AD3: Hombres26 | AE3: Mujeres27 | AF3: Hombres | AG3: Mujeres28 | AH3: Hombres 29 | AI3: Mujeres30 | AJ3: Hombres 31 | AK3: Mujeres32 | AL3: Hombres33 | AM3: Mujeres34 | AP3: Hombres | AQ3: Mujeres | AT3: Hombres | AU3: Mujeres | AV3: Masculino | AW3: Femenino | BA3: Hombres | BB3: Mujeres | BF3: Masculino | BG3: Femenino
A4: NUMERO DE PERSONAS EN CONTROL EN EL PROGRAMA | C4: =+SUM(F4:AM4) -> 68 | D4: =+IF(AND(CALCULO!D4<>"", CALCULO!D4>0), CALCULO!D4, "") | F4: =+IF(AND(CALCULO!F4<>"", CALCULO!F4>0), CALCULO!F4, 0) -> 0 | G4: =+IF(AND(CALCULO!G4<>"", CALCULO!G4>0), CALCULO!G4, 0) -> 0 | H4: =+IF(AND(CALCULO!H4<>"", CALCULO!H4>0), CALCULO!H4, 0) -> 0 | I4: =+IF(AND(CALCULO!I4<>"", CALCULO!I4>0), CALCULO!I4, 0) -> 0 | J4: =+IF(AND(CALCULO!J4<>"", CALCULO!J4>0), CALCULO!J4, 0) -> 0 | K4: =+IF(AND(CALCULO!K4<>"",CALCULO!K4>0),CALCULO!K4,0) -> 0 | L4: =+IF(AND(CALCULO!L4<>"", CALCULO!L4>0), CALCULO!L4, 0) -> 0 | M4: =+IF(AND(CALCULO!M4<>"", CALCULO!M4>0), CALCULO!M4, 0) -> 11 | N4: =+IF(AND(CALCULO!N4<>"", CALCULO!N4>0), CALCULO!N4, 0) -> 0 | O4: =+IF(AND(CALCULO!O4<>"", CALCULO!O4>0), CALCULO!O4, 0) -> 0 | P4: =+IF(AND(CALCULO!P4<>"", CALCULO!P4>0), CALCULO!P4, 0) -> 0 | Q4: =+IF(AND(CALCULO!Q4<>"", CALCULO!Q4>0), CALCULO!Q4, 0) -> 6 | R4: =+IF(AND(CALCULO!R4<>"", CALCULO!R4>0), CALCULO!R4, 0) -> 0 | S4: =+IF(AND(CALCULO!S4<>"", CALCULO!S4>0), CALCULO!S4, 0) -> 0 | ... AW4: =+IF(AND(CALCULO!AW4<>"", CALCULO!AW4>0), CALCULO!AW4, 0) -> 0 | BE4: =+IF(AND(CALCULO!AV4<>"", CALCULO!AV4>0), CALCULO!AV4, "")
A5: FACTORES DE RIESGO Y CONDICIONANTES DE LA SALUD MENTAL | C5: =+SUM(F5:AM5) -> 0 | E5: =+IF(AND(CALCULO!E5<>"", CALCULO!E5>0), CALCULO!E5, "") | F5: =+IF(AND(CALCULO!F5<>"", CALCULO!F5>0), CALCULO!F5, 0) -> 0 | G5: =+IF(AND(CALCULO!G5<>"", CALCULO!G5>0), CALCULO!G5, 0) -> 0 | H5: =+IF(AND(CALCULO!H5<>"", CALCULO!H5>0), CALCULO!H5, 0) -> 0 | I5: =+IF(AND(CALCULO!I5<>"", CALCULO!I5>0), CALCULO!I5, 0) -> 0 | J5: =+IF(AND(CALCULO!J5<>"", CALCULO!J5>0), CALCULO!J5, 0) -> 0 | K5: =+IF(AND(CALCULO!K5<>"",CALCULO!K5>0),CALCULO!K5,0) -> 0 | L5: =+IF(AND(CALCULO!L5<>"", CALCULO!L5>0), CALCULO!L5, 0) -> 0 | M5: =+IF(AND(CALCULO!M5<>"", CALCULO!M5>0), CALCULO!M5, 0) -> 0 | N5: =+IF(AND(CALCULO!N5<>"", CALCULO!N5>0), CALCULO!N5, 0) -> 0 | O5: =+IF(AND(CALCULO!O5<>"", CALCULO!O5>0), CALCULO!O5, 0) -> 0 | P5: =+IF(AND(CALCULO!P5<>"", CALCULO!P5>0), CALCULO!P5, 0) -> 0 | Q5: =+IF(AND(CALCULO!Q5<>"", CALCULO!Q5>0), CALCULO!Q5, 0) -> 0 | R5: =+IF(AND(CALCULO!R5<>"", CALCULO!R5>0), CALCULO!R5, 0) -> 0 | S5: =+IF(AND(CALCULO!S5<>"", CALCULO!S5>0), CALCULO!S5, 0) -> 0 | ... AW5: =+IF(AND(CALCULO!AW5<>"", CALCULO!AW5>0), CALCULO!AW5, 0) -> 0 | BE5: =+IF(AND(CALCULO!AV5<>"", CALCULO!AV5>0), CALCULO!AV5, "")
A6: VIOLENCIA | B6: VICTIMA | C6: =+SUM(F6:AM6) -> 0 | E6: =+IF(AND(CALCULO!E6<>"", CALCULO!E6>0), CALCULO!E6, "") | F6: =+IF(AND(CALCULO!F6<>"", CALCULO!F6>0), CALCULO!F6, 0) -> 0 | G6: =+IF(AND(CALCULO!G6<>"", CALCULO!G6>0), CALCULO!G6, 0) -> 0 | H6: =+IF(AND(CALCULO!H6<>"", CALCULO!H6>0), CALCULO!H6, 0) -> 0 | I6: =+IF(AND(CALCULO!I6<>"", CALCULO!I6>0), CALCULO!I6, 0) -> 0 | J6: =+IF(AND(CALCULO!J6<>"", CALCULO!J6>0), CALCULO!J6, 0) -> 0 | K6: =+IF(AND(CALCULO!K6<>"", CALCULO!K6>0), CALCULO!K6, 0) -> 0 | L6: =+IF(AND(CALCULO!L6<>"", CALCULO!L6>0), CALCULO!L6, 0) -> 0 | M6: =+IF(AND(CALCULO!M6<>"", CALCULO!M6>0), CALCULO!M6, 0) -> 0 | ... AW6: =+IF(AND(CALCULO!AW6<>"", CALCULO!AW6>0), CALCULO!AW6, 0) -> 0 | BE6: =+IF(AND(CALCULO!AV6<>"", CALCULO!AV6>0), CALCULO!AV6, "0") -> 0
B7: AGRESOR/A | C7: =+SUM(F7:AM7) -> 0 | E7: =+IF(AND(CALCULO!E7<>"", CALCULO!E7>0), CALCULO!E7, "") | F7: =+IF(AND(CALCULO!F7<>"", CALCULO!F7>0), CALCULO!F7, 0) -> 0 | G7: =+IF(AND(CALCULO!G7<>"", CALCULO!G7>0), CALCULO!G7, 0) -> 0 | H7: =+IF(AND(CALCULO!H7<>"", CALCULO!H7>0), CALCULO!H7, 0) -> 0 | I7: =+IF(AND(CALCULO!I7<>"", CALCULO!I7>0), CALCULO!I7, 0) -> 0 | J7: =+IF(AND(CALCULO!J7<>"", CALCULO!J7>0), CALCULO!J7, 0) -> 0 | K7: =+IF(AND(CALCULO!K7<>"", CALCULO!K7>0), CALCULO!K7, 0) -> 0 | L7: =+IF(AND(CALCULO!L7<>"", CALCULO!L7>0), CALCULO!L7, 0) -> 0 | M7: =+IF(AND(CALCULO!M7<>"", CALCULO!M7>0), CALCULO!M7, 0) -> 0 | ... AW7: =+IF(AND(CALCULO!AW7<>"", CALCULO!AW7>0), CALCULO!AW7, 0) -> 0 | BE7: =+IF(AND(CALCULO!AV7<>"", CALCULO!AV7>0), CALCULO!AV7, "0") -> 0
C8: =+SUM(F8:AM8) -> 0 | D8: =+IF(AND(CALCULO!D8<>"", CALCULO!D8>0), CALCULO!D8, "") | E8: =+IF(AND(CALCULO!E8<>"", CALCULO!E8>0), CALCULO!E8, "") | F8: =+IF(AND(CALCULO!F8<>"", CALCULO!F8>0), CALCULO!F8, 0) -> 0 | G8: =+IF(AND(CALCULO!G8<>"", CALCULO!G8>0), CALCULO!G8, 0) -> 0 | H8: =+IF(AND(CALCULO!H8<>"", CALCULO!H8>0), CALCULO!H8, 0) -> 0 | I8: =+IF(AND(CALCULO!I8<>"", CALCULO!I8>0), CALCULO!I8, 0) -> 0 | J8: =+IF(AND(CALCULO!J8<>"", CALCULO!J8>0), CALCULO!J8, 0) -> 0 | K8: =+IF(AND(CALCULO!K8<>"", CALCULO!K8>0), CALCULO!K8, 0) -> 0 | L8: =+IF(AND(CALCULO!L8<>"", CALCULO!L8>0), CALCULO!L8, 0) -> 0 | M8: =+IF(AND(CALCULO!M8<>"", CALCULO!M8>0), CALCULO!M8, 0) -> 0 | ... AW8: =+IF(AND(CALCULO!AW8<>"", CALCULO!AW8>0), CALCULO!AW8, 0) -> 0
C9: =+SUM(F9:AM9) -> 0 | D9: =+IF(AND(CALCULO!D9<>"", CALCULO!D9>0), CALCULO!D9, "") | E9: =+IF(AND(CALCULO!E9<>"", CALCULO!E9>0), CALCULO!E9, "") | F9: =+IF(AND(CALCULO!F9<>"", CALCULO!F9>0), CALCULO!F9, 0) -> 0 | G9: =+IF(AND(CALCULO!G9<>"", CALCULO!G9>0), CALCULO!G9, 0) -> 0 | H9: =+IF(AND(CALCULO!H9<>"", CALCULO!H9>0), CALCULO!H9, 0) -> 0 | I9: =+IF(AND(CALCULO!I9<>"", CALCULO!I9>0), CALCULO!I9, 0) -> 0 | J9: =+IF(AND(CALCULO!J9<>"", CALCULO!J9>0), CALCULO!J9, 0) -> 0 | K9: =+IF(AND(CALCULO!K9<>"", CALCULO!K9>0), CALCULO!K9, 0) -> 0 | L9: =+IF(AND(CALCULO!L9<>"", CALCULO!L9>0), CALCULO!L9, 0) -> 0 | M9: =+IF(AND(CALCULO!M9<>"", CALCULO!M9>0), CALCULO!M9, 0) -> 0 | ... AW9: =+IF(AND(CALCULO!AW9<>"", CALCULO!AW9>0), CALCULO!AW9, 0) -> 0
C10: =+SUM(F10:AM10) -> 0 | D10: =+IF(AND(CALCULO!D10<>"", CALCULO!D10>0), CALCULO!D10, "") | E10: =+IF(AND(CALCULO!E10<>"", CALCULO!E10>0), CALCULO!E10, "") | F10: =+IF(AND(CALCULO!F10<>"", CALCULO!F10>0), CALCULO!F10, 0) -> 0 | G10: =+IF(AND(CALCULO!G10<>"", CALCULO!G10>0), CALCULO!G10, 0) -> 0 | H10: =+IF(AND(CALCULO!H10<>"", CALCULO!H10>0), CALCULO!H10, 0) -> 0 | I10: =+IF(AND(CALCULO!I10<>"", CALCULO!I10>0), CALCULO!I10, 0) -> 0 | J10: =+IF(AND(CALCULO!J10<>"", CALCULO!J10>0), CALCULO!J10, 0) -> 0 | K10: =+IF(AND(CALCULO!K10<>"", CALCULO!K10>0), CALCULO!K10, 0) -> 0 | L10: =+IF(AND(CALCULO!L10<>"", CALCULO!L10>0), CALCULO!L10, 0) -> 0 | M10: =+IF(AND(CALCULO!M10<>"", CALCULO!M10>0), CALCULO!M10, 0) -> 0 | ... AW10: =+IF(AND(CALCULO!AW10<>"", CALCULO!AW10>0), CALCULO!AW10, 0) -> 0
C11: =+SUM(F11:AM11) -> 0 | D11: =+IF(AND(CALCULO!D11<>"", CALCULO!D11>0), CALCULO!D11, "") | E11: =+IF(AND(CALCULO!E11<>"", CALCULO!E11>0), CALCULO!E11, "") | F11: =+IF(AND(CALCULO!F11<>"", CALCULO!F11>0), CALCULO!F11, 0) -> 0 | G11: =+IF(AND(CALCULO!G11<>"", CALCULO!G11>0), CALCULO!G11, 0) -> 0 | H11: =+IF(AND(CALCULO!H11<>"", CALCULO!H11>0), CALCULO!H11, 0) -> 0 | I11: =+IF(AND(CALCULO!I11<>"", CALCULO!I11>0), CALCULO!I11, 0) -> 0 | J11: =+IF(AND(CALCULO!J11<>"", CALCULO!J11>0), CALCULO!J11, 0) -> 0 | K11: =+IF(AND(CALCULO!K11<>"", CALCULO!K11>0), CALCULO!K11, 0) -> 0 | L11: =+IF(AND(CALCULO!L11<>"", CALCULO!L11>0), CALCULO!L11, 0) -> 0 | M11: =+IF(AND(CALCULO!M11<>"", CALCULO!M11>0), CALCULO!M11, 0) -> 0 | ... AW11: =+IF(AND(CALCULO!AW11<>"", CALCULO!AW11>0), CALCULO!AW11, 0) -> 0
A12: ABUSO SEXUAL | C12: =+SUM(F12:AM12) -> 0 | E12: =+IF(AND(CALCULO!E12<>"", CALCULO!E12>0), CALCULO!E12, "") | F12: =+IF(AND(CALCULO!F12<>"", CALCULO!F12>0), CALCULO!F12, 0) -> 0 | G12: =+IF(AND(CALCULO!G12<>"", CALCULO!G12>0), CALCULO!G12, 0) -> 0 | H12: =+IF(AND(CALCULO!H12<>"", CALCULO!H12>0), CALCULO!H12, 0) -> 0 | I12: =+IF(AND(CALCULO!I12<>"", CALCULO!I12>0), CALCULO!I12, 0) -> 0 | J12: =+IF(AND(CALCULO!J12<>"", CALCULO!J12>0), CALCULO!J12, 0) -> 0 | K12: =+IF(AND(CALCULO!K12<>"",CALCULO!K12>0),CALCULO!K12,0) -> 0 | L12: =+IF(AND(CALCULO!L12<>"", CALCULO!L12>0), CALCULO!L12, 0) -> 0 | M12: =+IF(AND(CALCULO!M12<>"", CALCULO!M12>0), CALCULO!M12, 0) -> 0 | N12: =+IF(AND(CALCULO!N12<>"", CALCULO!N12>0), CALCULO!N12, 0) -> 0 | O12: =+IF(AND(CALCULO!O12<>"", CALCULO!O12>0), CALCULO!O12, 0) -> 0 | P12: =+IF(AND(CALCULO!P12<>"", CALCULO!P12>0), CALCULO!P12, 0) -> 0 | Q12: =+IF(AND(CALCULO!Q12<>"", CALCULO!Q12>0), CALCULO!Q12, 0) -> 0 | R12: =+IF(AND(CALCULO!R12<>"", CALCULO!R12>0), CALCULO!R12, 0) -> 0 | S12: =+IF(AND(CALCULO!S12<>"", CALCULO!S12>0), CALCULO!S12, 0) -> 0 | ... AQ12: =+IF(AND(CALCULO!AQ12<>"", CALCULO!AQ12>0), CALCULO!AQ12, 0) -> 0 | AR12: =+IF(AND(CALCULO!AT12<>"", CALCULO!AT12>0), CALCULO!AT12, 0) -> 0 | AS12: =+IF(AND(CALCULO!AU12<>"", CALCULO!AU12>0), CALCULO!AU12, 0) -> 0 | AT12: =+IF(AND(CALCULO!AR12<>"", CALCULO!AR12>0), CALCULO!AR12, 0) -> 0 | AU12: =+IF(AND(CALCULO!AS12<>"", CALCULO!AS12>0), CALCULO!AS12, 0) -> 0 | AV12: =+IF(AND(CALCULO!AW12<>"", CALCULO!AW12>0), CALCULO!AW12, 0) -> 0 | AW12: =+IF(AND(CALCULO!AX12<>"", CALCULO!AX12>0), CALCULO!AX12, 0) -> 0 | BE12: =+IF(AND(CALCULO!AV12<>"", CALCULO!AV12>0), CALCULO!AV12, "0") -> 0
A13: SUICIDIO | B13: IDEACIÓN | C13: =+SUM(F13:AM13) -> 0 | E13: =+IF(AND(CALCULO!E13<>"", CALCULO!E13>0), CALCULO!E13, "") | F13: =+IF(AND(CALCULO!F13<>"", CALCULO!F13>0), CALCULO!F13, 0) -> 0 | G13: =+IF(AND(CALCULO!G13<>"", CALCULO!G13>0), CALCULO!G13, 0) -> 0 | H13: =+IF(AND(CALCULO!H13<>"", CALCULO!H13>0), CALCULO!H13, 0) -> 0 | I13: =+IF(AND(CALCULO!I13<>"", CALCULO!I13>0), CALCULO!I13, 0) -> 0 | J13: =+IF(AND(CALCULO!J13<>"", CALCULO!J13>0), CALCULO!J13, 0) -> 0 | K13: =+IF(AND(CALCULO!K13<>"",CALCULO!K13>0),CALCULO!K13,0) -> 0 | L13: =+IF(AND(CALCULO!L13<>"", CALCULO!L13>0), CALCULO!L13, 0) -> 0 | M13: =+IF(AND(CALCULO!M13<>"", CALCULO!M13>0), CALCULO!M13, 0) -> 0 | N13: =+IF(AND(CALCULO!N13<>"", CALCULO!N13>0), CALCULO!N13, 0) -> 0 | O13: =+IF(AND(CALCULO!O13<>"", CALCULO!O13>0), CALCULO!O13, 0) -> 0 | P13: =+IF(AND(CALCULO!P13<>"", CALCULO!P13>0), CALCULO!P13, 0) -> 0 | Q13: =+IF(AND(CALCULO!Q13<>"", CALCULO!Q13>0), CALCULO!Q13, 0) -> 0 | R13: =+IF(AND(CALCULO!R13<>"", CALCULO!R13>0), CALCULO!R13, 0) -> 0 | S13: =+IF(AND(CALCULO!S13<>"", CALCULO!S13>0), CALCULO!S13, 0) -> 0 | ... AQ13: =+IF(AND(CALCULO!AQ13<>"", CALCULO!AQ13>0), CALCULO!AQ13, 0) -> 0 | AR13: =+IF(AND(CALCULO!AT13<>"", CALCULO!AT13>0), CALCULO!AT13, 0) -> 0 | AS13: =+IF(AND(CALCULO!AU13<>"", CALCULO!AU13>0), CALCULO!AU13, 0) -> 0 | AT13: =+IF(AND(CALCULO!AR13<>"", CALCULO!AR13>0), CALCULO!AR13, 0) -> 0 | AU13: =+IF(AND(CALCULO!AS13<>"", CALCULO!AS13>0), CALCULO!AS13, 0) -> 0 | AV13: =+IF(AND(CALCULO!AW13<>"", CALCULO!AW13>0), CALCULO!AW13, 0) -> 0 | AW13: =+IF(AND(CALCULO!AX13<>"", CALCULO!AX13>0), CALCULO!AX13, 0) -> 0 | BE13: =+IF(AND(CALCULO!AV13<>"", CALCULO!AV13>0), CALCULO!AV13, "0") -> 0
B14: INTENTO | C14: =+SUM(F14:AM14) -> 3 | E14: =+IF(AND(CALCULO!E14<>"", CALCULO!E14>0), CALCULO!E14, "") -> 2 | F14: =+IF(AND(CALCULO!F14<>"", CALCULO!F14>0), CALCULO!F14, 0) -> 0 | G14: =+IF(AND(CALCULO!G14<>"", CALCULO!G14>0), CALCULO!G14, 0) -> 0 | H14: =+IF(AND(CALCULO!H14<>"", CALCULO!H14>0), CALCULO!H14, 0) -> 0 | I14: =+IF(AND(CALCULO!I14<>"", CALCULO!I14>0), CALCULO!I14, 0) -> 0 | J14: =+IF(AND(CALCULO!J14<>"", CALCULO!J14>0), CALCULO!J14, 0) -> 0 | K14: =+IF(AND(CALCULO!K14<>"",CALCULO!K14>0),CALCULO!K14,0) -> 0 | L14: =+IF(AND(CALCULO!L14<>"", CALCULO!L14>0), CALCULO!L14, 0) -> 0 | M14: =+IF(AND(CALCULO!M14<>"", CALCULO!M14>0), CALCULO!M14, 0) -> 1 | N14: =+IF(AND(CALCULO!N14<>"", CALCULO!N14>0), CALCULO!N14, 0) -> 0 | O14: =+IF(AND(CALCULO!O14<>"", CALCULO!O14>0), CALCULO!O14, 0) -> 0 | P14: =+IF(AND(CALCULO!P14<>"", CALCULO!P14>0), CALCULO!P14, 0) -> 0 | Q14: =+IF(AND(CALCULO!Q14<>"", CALCULO!Q14>0), CALCULO!Q14, 0) -> 0 | R14: =+IF(AND(CALCULO!R14<>"", CALCULO!R14>0), CALCULO!R14, 0) -> 0 | S14: =+IF(AND(CALCULO!S14<>"", CALCULO!S14>0), CALCULO!S14, 0) -> 0 | ... AQ14: =+IF(AND(CALCULO!AQ14<>"", CALCULO!AQ14>0), CALCULO!AQ14, 0) -> 0 | AR14: =+IF(AND(CALCULO!AT14<>"", CALCULO!AT14>0), CALCULO!AT14, 0) -> 0 | AS14: =+IF(AND(CALCULO!AU14<>"", CALCULO!AU14>0), CALCULO!AU14, 0) -> 0 | AT14: =+IF(AND(CALCULO!AR14<>"", CALCULO!AR14>0), CALCULO!AR14, 0) -> 0 | AU14: =+IF(AND(CALCULO!AS14<>"", CALCULO!AS14>0), CALCULO!AS14, 0) -> 0 | AV14: =+IF(AND(CALCULO!AW14<>"", CALCULO!AW14>0), CALCULO!AW14, 0) -> 0 | AW14: =+IF(AND(CALCULO!AX14<>"", CALCULO!AX14>0), CALCULO!AX14, 0) -> 0 | BE14: =+IF(AND(CALCULO!AV14<>"", CALCULO!AV14>0), CALCULO!AV14, "0") -> 1
A15: PERSONAS CON DIAGNOSTICOS DE TRASTORNOS MENTALES | C15: =+SUM(F15:AM15) -> 79 | F15: =+IF(AND(CALCULO!F15<>"", CALCULO!F15>0), CALCULO!F15, 0) -> 0 | G15: =+IF(AND(CALCULO!G15<>"", CALCULO!G15>0), CALCULO!G15, 0) -> 0 | H15: =+IF(AND(CALCULO!H15<>"", CALCULO!H15>0), CALCULO!H15, 0) -> 0 | I15: =+IF(AND(CALCULO!I15<>"", CALCULO!I15>0), CALCULO!I15, 0) -> 0 | J15: =+IF(AND(CALCULO!J15<>"", CALCULO!J15>0), CALCULO!J15, 0) -> 0 | K15: =+IF(AND(CALCULO!K15<>"",CALCULO!K15>0),CALCULO!K15,0) -> 0 | L15: =+IF(AND(CALCULO!L15<>"", CALCULO!L15>0), CALCULO!L15, 0) -> 0 | M15: =+IF(AND(CALCULO!M15<>"", CALCULO!M15>0), CALCULO!M15, 0) -> 11 | N15: =+IF(AND(CALCULO!N15<>"", CALCULO!N15>0), CALCULO!N15, 0) -> 1 | O15: =+IF(AND(CALCULO!O15<>"", CALCULO!O15>0), CALCULO!O15, 0) -> 0 | P15: =+IF(AND(CALCULO!P15<>"", CALCULO!P15>0), CALCULO!P15, 0) -> 0 | Q15: =+IF(AND(CALCULO!Q15<>"", CALCULO!Q15>0), CALCULO!Q15, 0) -> 6 | R15: =+IF(AND(CALCULO!R15<>"", CALCULO!R15>0), CALCULO!R15, 0) -> 0 | S15: =+IF(AND(CALCULO!S15<>"", CALCULO!S15>0), CALCULO!S15, 0) -> 0 | ... AQ15: =+IF(AND(CALCULO!AQ15<>"", CALCULO!AQ15>0), CALCULO!AQ15, 0) -> 6 | AR15: =+IF(AND(CALCULO!AT15<>"", CALCULO!AT15>0), CALCULO!AT15, 0) -> 0 | AS15: =+IF(AND(CALCULO!AU15<>"", CALCULO!AU15>0), CALCULO!AU15, 0) -> 0 | AT15: =+IF(AND(CALCULO!AR15<>"", CALCULO!AR15>0), CALCULO!AR15, 0) -> 0 | AU15: =+IF(AND(CALCULO!AS15<>"", CALCULO!AS15>0), CALCULO!AS15, 0) -> 0 | AV15: =+IF(AND(CALCULO!AW15<>"", CALCULO!AW15>0), CALCULO!AW15, 0) -> 1 | AW15: =+IF(AND(CALCULO!AX15<>"", CALCULO!AX15>0), CALCULO!AX15, 0) -> 0 | BE15: =+IF(AND(CALCULO!AV15<>"", CALCULO!AV15>0), CALCULO!AV15, "0") -> 2
A16: TRASTORNOS DEL HUMOR (AFECTIVOS) | B16: DEPRESIÓN LEVE | C16: =+SUM(F16:AM16) -> 7 | E16: =+IF(AND(CALCULO!E16<>"", CALCULO!E16>0), CALCULO!E16, "") -> 3 | F16: =+IF(AND(CALCULO!F16<>"", CALCULO!F16>0), CALCULO!F16, 0) -> 0 | G16: =+IF(AND(CALCULO!G16<>"", CALCULO!G16>0), CALCULO!G16, 0) -> 0 | H16: =+IF(AND(CALCULO!H16<>"", CALCULO!H16>0), CALCULO!H16, 0) -> 0 | I16: =+IF(AND(CALCULO!I16<>"", CALCULO!I16>0), CALCULO!I16, 0) -> 0 | J16: =+IF(AND(CALCULO!J16<>"", CALCULO!J16>0), CALCULO!J16, 0) -> 0 | K16: =+IF(AND(CALCULO!K16<>"",CALCULO!K16>0),CALCULO!K16,0) -> 0 | L16: =+IF(AND(CALCULO!L16<>"", CALCULO!L16>0), CALCULO!L16, 0) -> 0 | M16: =+IF(AND(CALCULO!M16<>"", CALCULO!M16>0), CALCULO!M16, 0) -> 1 | N16: =+IF(AND(CALCULO!N16<>"", CALCULO!N16>0), CALCULO!N16, 0) -> 0 | O16: =+IF(AND(CALCULO!O16<>"", CALCULO!O16>0), CALCULO!O16, 0) -> 0 | P16: =+IF(AND(CALCULO!P16<>"", CALCULO!P16>0), CALCULO!P16, 0) -> 1 | Q16: =+IF(AND(CALCULO!Q16<>"", CALCULO!Q16>0), CALCULO!Q16, 0) -> 0 | R16: =+IF(AND(CALCULO!R16<>"", CALCULO!R16>0), CALCULO!R16, 0) -> 0 | S16: =+IF(AND(CALCULO!S16<>"", CALCULO!S16>0), CALCULO!S16, 0) -> 0 | ... AQ16: =+IF(AND(CALCULO!AQ16<>"", CALCULO!AQ16>0), CALCULO!AQ16, 0) -> 0 | AR16: =+IF(AND(CALCULO!AT16<>"", CALCULO!AT16>0), CALCULO!AT16, 0) -> 0 | AS16: =+IF(AND(CALCULO!AU16<>"", CALCULO!AU16>0), CALCULO!AU16, 0) -> 0 | AT16: =+IF(AND(CALCULO!AR16<>"", CALCULO!AR16>0), CALCULO!AR16, 0) -> 0 | AU16: =+IF(AND(CALCULO!AS16<>"", CALCULO!AS16>0), CALCULO!AS16, 0) -> 0 | AV16: =+IF(AND(CALCULO!AW16<>"", CALCULO!AW16>0), CALCULO!AW16, 0) -> 0 | AW16: =+IF(AND(CALCULO!AX16<>"", CALCULO!AX16>0), CALCULO!AX16, 0) -> 0 | BE16: =+IF(AND(CALCULO!AV16<>"", CALCULO!AV16>0), CALCULO!AV16, "0") -> 0
B17: DEPRESIÓN MODERADA | C17: =+SUM(F17:AM17) -> 23 | E17: =+IF(AND(CALCULO!E17<>"", CALCULO!E17>0), CALCULO!E17, "") -> 17 | F17: =+IF(AND(CALCULO!F17<>"", CALCULO!F17>0), CALCULO!F17, 0) -> 0 | G17: =+IF(AND(CALCULO!G17<>"", CALCULO!G17>0), CALCULO!G17, 0) -> 0 | H17: =+IF(AND(CALCULO!H17<>"", CALCULO!H17>0), CALCULO!H17, 0) -> 0 | I17: =+IF(AND(CALCULO!I17<>"", CALCULO!I17>0), CALCULO!I17, 0) -> 0 | J17: =+IF(AND(CALCULO!J17<>"", CALCULO!J17>0), CALCULO!J17, 0) -> 0 | K17: =+IF(AND(CALCULO!K17<>"",CALCULO!K17>0),CALCULO!K17,0) -> 0 | L17: =+IF(AND(CALCULO!L17<>"", CALCULO!L17>0), CALCULO!L17, 0) -> 1 | M17: =+IF(AND(CALCULO!M17<>"", CALCULO!M17>0), CALCULO!M17, 0) -> 1 | N17: =+IF(AND(CALCULO!N17<>"", CALCULO!N17>0), CALCULO!N17, 0) -> 0 | O17: =+IF(AND(CALCULO!O17<>"", CALCULO!O17>0), CALCULO!O17, 0) -> 2 | P17: =+IF(AND(CALCULO!P17<>"", CALCULO!P17>0), CALCULO!P17, 0) -> 0 | Q17: =+IF(AND(CALCULO!Q17<>"", CALCULO!Q17>0), CALCULO!Q17, 0) -> 2 | R17: =+IF(AND(CALCULO!R17<>"", CALCULO!R17>0), CALCULO!R17, 0) -> 1 | S17: =+IF(AND(CALCULO!S17<>"", CALCULO!S17>0), CALCULO!S17, 0) -> 1 | ... AQ17: =+IF(AND(CALCULO!AQ17<>"", CALCULO!AQ17>0), CALCULO!AQ17, 0) -> 1 | AR17: =+IF(AND(CALCULO!AT17<>"", CALCULO!AT17>0), CALCULO!AT17, 0) -> 0 | AS17: =+IF(AND(CALCULO!AU17<>"", CALCULO!AU17>0), CALCULO!AU17, 0) -> 0 | AT17: =+IF(AND(CALCULO!AR17<>"", CALCULO!AR17>0), CALCULO!AR17, 0) -> 0 | AU17: =+IF(AND(CALCULO!AS17<>"", CALCULO!AS17>0), CALCULO!AS17, 0) -> 0 | AV17: =+IF(AND(CALCULO!AW17<>"", CALCULO!AW17>0), CALCULO!AW17, 0) -> 0 | AW17: =+IF(AND(CALCULO!AX17<>"", CALCULO!AX17>0), CALCULO!AX17, 0) -> 0 | BE17: =+IF(AND(CALCULO!AV17<>"", CALCULO!AV17>0), CALCULO!AV17, "0") -> 0
B18: DEPRESIÓN GRAVE | C18: =+SUM(F18:AM18) -> 8 | E18: =+IF(AND(CALCULO!E18<>"", CALCULO!E18>0), CALCULO!E18, "") -> 5 | F18: =+IF(AND(CALCULO!F18<>"", CALCULO!F18>0), CALCULO!F18, 0) -> 0 | G18: =+IF(AND(CALCULO!G18<>"", CALCULO!G18>0), CALCULO!G18, 0) -> 0 | H18: =+IF(AND(CALCULO!H18<>"", CALCULO!H18>0), CALCULO!H18, 0) -> 0 | I18: =+IF(AND(CALCULO!I18<>"", CALCULO!I18>0), CALCULO!I18, 0) -> 0 | J18: =+IF(AND(CALCULO!J18<>"", CALCULO!J18>0), CALCULO!J18, 0) -> 0 | K18: =+IF(AND(CALCULO!K18<>"",CALCULO!K18>0),CALCULO!K18,0) -> 0 | L18: =+IF(AND(CALCULO!L18<>"", CALCULO!L18>0), CALCULO!L18, 0) -> 0 | M18: =+IF(AND(CALCULO!M18<>"", CALCULO!M18>0), CALCULO!M18, 0) -> 2 | N18: =+IF(AND(CALCULO!N18<>"", CALCULO!N18>0), CALCULO!N18, 0) -> 0 | O18: =+IF(AND(CALCULO!O18<>"", CALCULO!O18>0), CALCULO!O18, 0) -> 0 | P18: =+IF(AND(CALCULO!P18<>"", CALCULO!P18>0), CALCULO!P18, 0) -> 0 | Q18: =+IF(AND(CALCULO!Q18<>"", CALCULO!Q18>0), CALCULO!Q18, 0) -> 1 | R18: =+IF(AND(CALCULO!R18<>"", CALCULO!R18>0), CALCULO!R18, 0) -> 0 | S18: =+IF(AND(CALCULO!S18<>"", CALCULO!S18>0), CALCULO!S18, 0) -> 0 | ... AQ18: =+IF(AND(CALCULO!AQ18<>"", CALCULO!AQ18>0), CALCULO!AQ18, 0) -> 1 | AR18: =+IF(AND(CALCULO!AT18<>"", CALCULO!AT18>0), CALCULO!AT18, 0) -> 0 | AS18: =+IF(AND(CALCULO!AU18<>"", CALCULO!AU18>0), CALCULO!AU18, 0) -> 1 | AT18: =+IF(AND(CALCULO!AR18<>"", CALCULO!AR18>0), CALCULO!AR18, 0) -> 0 | AU18: =+IF(AND(CALCULO!AS18<>"", CALCULO!AS18>0), CALCULO!AS18, 0) -> 0 | AV18: =+IF(AND(CALCULO!AW18<>"", CALCULO!AW18>0), CALCULO!AW18, 0) -> 0 | AW18: =+IF(AND(CALCULO!AX18<>"", CALCULO!AX18>0), CALCULO!AX18, 0) -> 0 | BE18: =+IF(AND(CALCULO!AV18<>"", CALCULO!AV18>0), CALCULO!AV18, "0") -> 1
B19: DEPRESIÓN POST PARTO | C19: =+SUM(F19:AM19) -> 0 | E19: =+IF(AND(CALCULO!E19<>"", CALCULO!E19>0), CALCULO!E19, "") | F19: =+IF(AND(CALCULO!F19<>"", CALCULO!F19>0), CALCULO!F19, 0) -> 0 | G19: =+IF(AND(CALCULO!G19<>"", CALCULO!G19>0), CALCULO!G19, 0) -> 0 | H19: =+IF(AND(CALCULO!H19<>"", CALCULO!H19>0), CALCULO!H19, 0) -> 0 | I19: =+IF(AND(CALCULO!I19<>"", CALCULO!I19>0), CALCULO!I19, 0) -> 0 | J19: =+IF(AND(CALCULO!J19<>"", CALCULO!J19>0), CALCULO!J19, 0) -> 0 | K19: =+IF(AND(CALCULO!K19<>"",CALCULO!K19>0),CALCULO!K19,0) -> 0 | L19: =+IF(AND(CALCULO!L19<>"", CALCULO!L19>0), CALCULO!L19, 0) -> 0 | M19: =+IF(AND(CALCULO!M19<>"", CALCULO!M19>0), CALCULO!M19, 0) -> 0 | N19: =+IF(AND(CALCULO!N19<>"", CALCULO!N19>0), CALCULO!N19, 0) -> 0 | O19: =+IF(AND(CALCULO!O19<>"", CALCULO!O19>0), CALCULO!O19, 0) -> 0 | P19: =+IF(AND(CALCULO!P19<>"", CALCULO!P19>0), CALCULO!P19, 0) -> 0 | Q19: =+IF(AND(CALCULO!Q19<>"", CALCULO!Q19>0), CALCULO!Q19, 0) -> 0 | R19: =+IF(AND(CALCULO!R19<>"", CALCULO!R19>0), CALCULO!R19, 0) -> 0 | S19: =+IF(AND(CALCULO!S19<>"", CALCULO!S19>0), CALCULO!S19, 0) -> 0 | ... AQ19: =+IF(AND(CALCULO!AQ19<>"", CALCULO!AQ19>0), CALCULO!AQ19, 0) -> 0 | AR19: =+IF(AND(CALCULO!AT19<>"", CALCULO!AT19>0), CALCULO!AT19, 0) -> 0 | AS19: =+IF(AND(CALCULO!AU19<>"", CALCULO!AU19>0), CALCULO!AU19, 0) -> 0 | AT19: =+IF(AND(CALCULO!AR19<>"", CALCULO!AR19>0), CALCULO!AR19, 0) -> 0 | AU19: =+IF(AND(CALCULO!AS19<>"", CALCULO!AS19>0), CALCULO!AS19, 0) -> 0 | AV19: =+IF(AND(CALCULO!AW19<>"", CALCULO!AW19>0), CALCULO!AW19, 0) -> 0 | AW19: =+IF(AND(CALCULO!AX19<>"", CALCULO!AX19>0), CALCULO!AX19, 0) -> 0 | BE19: =+IF(AND(CALCULO!AV19<>"", CALCULO!AV19>0), CALCULO!AV19, "0") -> 0
B20: TRASTORNO BIPOLAR | C20: =+SUM(F20:AM20) -> 3 | E20: =+IF(AND(CALCULO!E20<>"", CALCULO!E20>0), CALCULO!E20, "") -> 2 | F20: =+IF(AND(CALCULO!F20<>"", CALCULO!F20>0), CALCULO!F20, 0) -> 0 | G20: =+IF(AND(CALCULO!G20<>"", CALCULO!G20>0), CALCULO!G20, 0) -> 0 | H20: =+IF(AND(CALCULO!H20<>"", CALCULO!H20>0), CALCULO!H20, 0) -> 0 | I20: =+IF(AND(CALCULO!I20<>"", CALCULO!I20>0), CALCULO!I20, 0) -> 0 | J20: =+IF(AND(CALCULO!J20<>"", CALCULO!J20>0), CALCULO!J20, 0) -> 0 | K20: =+IF(AND(CALCULO!K20<>"",CALCULO!K20>0),CALCULO!K20,0) -> 0 | L20: =+IF(AND(CALCULO!L20<>"", CALCULO!L20>0), CALCULO!L20, 0) -> 0 | M20: =+IF(AND(CALCULO!M20<>"", CALCULO!M20>0), CALCULO!M20, 0) -> 0 | N20: =+IF(AND(CALCULO!N20<>"", CALCULO!N20>0), CALCULO!N20, 0) -> 1 | O20: =+IF(AND(CALCULO!O20<>"", CALCULO!O20>0), CALCULO!O20, 0) -> 0 | P20: =+IF(AND(CALCULO!P20<>"", CALCULO!P20>0), CALCULO!P20, 0) -> 0 | Q20: =+IF(AND(CALCULO!Q20<>"", CALCULO!Q20>0), CALCULO!Q20, 0) -> 0 | R20: =+IF(AND(CALCULO!R20<>"", CALCULO!R20>0), CALCULO!R20, 0) -> 0 | S20: =+IF(AND(CALCULO!S20<>"", CALCULO!S20>0), CALCULO!S20, 0) -> 0 | ... AQ20: =+IF(AND(CALCULO!AQ20<>"", CALCULO!AQ20>0), CALCULO!AQ20, 0) -> 0 | AR20: =+IF(AND(CALCULO!AT20<>"", CALCULO!AT20>0), CALCULO!AT20, 0) -> 0 | AS20: =+IF(AND(CALCULO!AU20<>"", CALCULO!AU20>0), CALCULO!AU20, 0) -> 0 | AT20: =+IF(AND(CALCULO!AR20<>"", CALCULO!AR20>0), CALCULO!AR20, 0) -> 0 | AU20: =+IF(AND(CALCULO!AS20<>"", CALCULO!AS20>0), CALCULO!AS20, 0) -> 0 | AV20: =+IF(AND(CALCULO!AW20<>"", CALCULO!AW20>0), CALCULO!AW20, 0) -> 0 | AW20: =+IF(AND(CALCULO!AX20<>"", CALCULO!AX20>0), CALCULO!AX20, 0) -> 0 | BE20: =+IF(AND(CALCULO!AV20<>"", CALCULO!AV20>0), CALCULO!AV20, "0") -> 0
A21: DIFERENCIA FORMATO A Y P
A24: TRASTORNOS MENTALES Y DEL COMPORTAMIENTO DEBIDO A CONSUMO SUSTANCIAS PSICOTROPICAS | B24: CONSUMO PERJUDICIAL DE ALCOHOL | C24: =+SUM(F24:AM24) -> 1 | E24: =+IF(AND(CALCULO!E21<>"", CALCULO!E21>0), CALCULO!E21, "") | F24: =+IF(AND(CALCULO!F21<>"", CALCULO!F21>0), CALCULO!F21, 0) -> 0 | G24: =+IF(AND(CALCULO!G21<>"", CALCULO!G21>0), CALCULO!G21, 0) -> 0 | H24: =+IF(AND(CALCULO!H21<>"", CALCULO!H21>0), CALCULO!H21, 0) -> 0 | I24: =+IF(AND(CALCULO!I21<>"", CALCULO!I21>0), CALCULO!I21, 0) -> 0 | J24: =+IF(AND(CALCULO!J21<>"", CALCULO!J21>0), CALCULO!J21, 0) -> 0 | K24: =+IF(AND(CALCULO!K21<>"",CALCULO!K21>0),CALCULO!K21,0) -> 0 | L24: =+IF(AND(CALCULO!L21<>"", CALCULO!L21>0), CALCULO!L21, 0) -> 0 | M24: =+IF(AND(CALCULO!M21<>"", CALCULO!M21>0), CALCULO!M21, 0) -> 0 | N24: =+IF(AND(CALCULO!N21<>"", CALCULO!N21>0), CALCULO!N21, 0) -> 1 | O24: =+IF(AND(CALCULO!O21<>"", CALCULO!O21>0), CALCULO!O21, 0) -> 0 | P24: =+IF(AND(CALCULO!P21<>"", CALCULO!P21>0), CALCULO!P21, 0) -> 0 | Q24: =+IF(AND(CALCULO!Q21<>"", CALCULO!Q21>0), CALCULO!Q21, 0) -> 0 | R24: =+IF(AND(CALCULO!R21<>"", CALCULO!R21>0), CALCULO!R21, 0) -> 0 | S24: =+IF(AND(CALCULO!S21<>"", CALCULO!S21>0), CALCULO!S21, 0) -> 0 | ... AQ24: =+IF(AND(CALCULO!AQ21<>"", CALCULO!AQ21>0), CALCULO!AQ21, 0) -> 0 | AR24: =+IF(AND(CALCULO!AT21<>"", CALCULO!AT21>0), CALCULO!AT21, 0) -> 0 | AS24: =+IF(AND(CALCULO!AU21<>"", CALCULO!AU21>0), CALCULO!AU21, 0) -> 0 | AT24: =+IF(AND(CALCULO!AR21<>"", CALCULO!AR21>0), CALCULO!AR21, 0) -> 0 | AU24: =+IF(AND(CALCULO!AS21<>"", CALCULO!AS21>0), CALCULO!AS21, 0) -> 0 | AV24: =+IF(AND(CALCULO!AW21<>"", CALCULO!AW21>0), CALCULO!AW21, 0) -> 0 | AW24: =+IF(AND(CALCULO!AX21<>"", CALCULO!AX21>0), CALCULO!AX21, 0) -> 0 | BE24: =+IF(AND(CALCULO!AV21<>"", CALCULO!AV21>0), CALCULO!AV21, "0") -> 0
B25: CONSUMO DEPENDIENTE DEL ALCOHOL | C25: =+SUM(F25:AM25) -> 2 | E25: =+IF(AND(CALCULO!E22<>"", CALCULO!E22>0), CALCULO!E22, "") | F25: =+IF(AND(CALCULO!F22<>"", CALCULO!F22>0), CALCULO!F22, 0) -> 0 | G25: =+IF(AND(CALCULO!G22<>"", CALCULO!G22>0), CALCULO!G22, 0) -> 0 | H25: =+IF(AND(CALCULO!H22<>"", CALCULO!H22>0), CALCULO!H22, 0) -> 0 | I25: =+IF(AND(CALCULO!I22<>"", CALCULO!I22>0), CALCULO!I22, 0) -> 0 | J25: =+IF(AND(CALCULO!J22<>"", CALCULO!J22>0), CALCULO!J22, 0) -> 0 | K25: =+IF(AND(CALCULO!K22<>"",CALCULO!K22>0),CALCULO!K22,0) -> 0 | L25: =+IF(AND(CALCULO!L22<>"", CALCULO!L22>0), CALCULO!L22, 0) -> 0 | M25: =+IF(AND(CALCULO!M22<>"", CALCULO!M22>0), CALCULO!M22, 0) -> 0 | N25: =+IF(AND(CALCULO!N22<>"", CALCULO!N22>0), CALCULO!N22, 0) -> 1 | O25: =+IF(AND(CALCULO!O22<>"", CALCULO!O22>0), CALCULO!O22, 0) -> 0 | P25: =+IF(AND(CALCULO!P22<>"", CALCULO!P22>0), CALCULO!P22, 0) -> 0 | Q25: =+IF(AND(CALCULO!Q22<>"", CALCULO!Q22>0), CALCULO!Q22, 0) -> 0 | R25: =+IF(AND(CALCULO!R22<>"", CALCULO!R22>0), CALCULO!R22, 0) -> 0 | S25: =+IF(AND(CALCULO!S22<>"", CALCULO!S22>0), CALCULO!S22, 0) -> 0 | ... AQ25: =+IF(AND(CALCULO!AQ22<>"", CALCULO!AQ22>0), CALCULO!AQ22, 0) -> 0 | AR25: =+IF(AND(CALCULO!AT22<>"", CALCULO!AT22>0), CALCULO!AT22, 0) -> 0 | AS25: =+IF(AND(CALCULO!AU22<>"", CALCULO!AU22>0), CALCULO!AU22, 0) -> 0 | AT25: =+IF(AND(CALCULO!AR22<>"", CALCULO!AR22>0), CALCULO!AR22, 0) -> 0 | AU25: =+IF(AND(CALCULO!AS22<>"", CALCULO!AS22>0), CALCULO!AS22, 0) -> 0 | AV25: =+IF(AND(CALCULO!AW22<>"", CALCULO!AW22>0), CALCULO!AW22, 0) -> 0 | AW25: =+IF(AND(CALCULO!AX22<>"", CALCULO!AX22>0), CALCULO!AX22, 0) -> 0 | BE25: =+IF(AND(CALCULO!AV22<>"", CALCULO!AV22>0), CALCULO!AV22, "0") -> 0
B26: CONSUMO PERJUDICIAL DE DROGAS | C26: =+SUM(F26:AM26) -> 3 | E26: =+IF(AND(CALCULO!E23<>"", CALCULO!E23>0), CALCULO!E23, "") | F26: =+IF(AND(CALCULO!F23<>"", CALCULO!F23>0), CALCULO!F23, 0) -> 0 | G26: =+IF(AND(CALCULO!G23<>"", CALCULO!G23>0), CALCULO!G23, 0) -> 0 | H26: =+IF(AND(CALCULO!H23<>"", CALCULO!H23>0), CALCULO!H23, 0) -> 0 | I26: =+IF(AND(CALCULO!I23<>"", CALCULO!I23>0), CALCULO!I23, 0) -> 0 | J26: =+IF(AND(CALCULO!J23<>"", CALCULO!J23>0), CALCULO!J23, 0) -> 0 | K26: =+IF(AND(CALCULO!K23<>"",CALCULO!K23>0),CALCULO!K23,0) -> 0 | L26: =+IF(AND(CALCULO!L23<>"", CALCULO!L23>0), CALCULO!L23, 0) -> 0 | M26: =+IF(AND(CALCULO!M23<>"", CALCULO!M23>0), CALCULO!M23, 0) -> 0 | N26: =+IF(AND(CALCULO!N23<>"", CALCULO!N23>0), CALCULO!N23, 0) -> 1 | O26: =+IF(AND(CALCULO!O23<>"", CALCULO!O23>0), CALCULO!O23, 0) -> 0 | P26: =+IF(AND(CALCULO!P23<>"", CALCULO!P23>0), CALCULO!P23, 0) -> 1 | Q26: =+IF(AND(CALCULO!Q23<>"", CALCULO!Q23>0), CALCULO!Q23, 0) -> 0 | R26: =+IF(AND(CALCULO!R23<>"", CALCULO!R23>0), CALCULO!R23, 0) -> 0 | S26: =+IF(AND(CALCULO!S23<>"", CALCULO!S23>0), CALCULO!S23, 0) -> 0 | ... AQ26: =+IF(AND(CALCULO!AQ23<>"", CALCULO!AQ23>0), CALCULO!AQ23, 0) -> 0 | AR26: =+IF(AND(CALCULO!AT23<>"", CALCULO!AT23>0), CALCULO!AT23, 0) -> 0 | AS26: =+IF(AND(CALCULO!AU23<>"", CALCULO!AU23>0), CALCULO!AU23, 0) -> 0 | AT26: =+IF(AND(CALCULO!AR23<>"", CALCULO!AR23>0), CALCULO!AR23, 0) -> 0 | AU26: =+IF(AND(CALCULO!AS23<>"", CALCULO!AS23>0), CALCULO!AS23, 0) -> 0 | AV26: =+IF(AND(CALCULO!AW23<>"", CALCULO!AW23>0), CALCULO!AW23, 0) -> 0 | AW26: =+IF(AND(CALCULO!AX23<>"", CALCULO!AX23>0), CALCULO!AX23, 0) -> 0 | BE26: =+IF(AND(CALCULO!AV23<>"", CALCULO!AV23>0), CALCULO!AV23, "0") -> 0
B27: CONSUMO DEPENDIENTE DE DROGAS | C27: =+SUM(F27:AM27) -> 3 | E27: =+IF(AND(CALCULO!E24<>"", CALCULO!E24>0), CALCULO!E24, "") -> 1 | F27: =+IF(AND(CALCULO!F24<>"", CALCULO!F24>0), CALCULO!F24, 0) -> 0 | G27: =+IF(AND(CALCULO!G24<>"", CALCULO!G24>0), CALCULO!G24, 0) -> 0 | H27: =+IF(AND(CALCULO!H24<>"", CALCULO!H24>0), CALCULO!H24, 0) -> 0 | I27: =+IF(AND(CALCULO!I24<>"", CALCULO!I24>0), CALCULO!I24, 0) -> 0 | J27: =+IF(AND(CALCULO!J24<>"", CALCULO!J24>0), CALCULO!J24, 0) -> 0 | K27: =+IF(AND(CALCULO!K24<>"",CALCULO!K24>0),CALCULO!K24,0) -> 0 | L27: =+IF(AND(CALCULO!L24<>"", CALCULO!L24>0), CALCULO!L24, 0) -> 0 | M27: =+IF(AND(CALCULO!M24<>"", CALCULO!M24>0), CALCULO!M24, 0) -> 0 | N27: =+IF(AND(CALCULO!N24<>"", CALCULO!N24>0), CALCULO!N24, 0) -> 1 | O27: =+IF(AND(CALCULO!O24<>"", CALCULO!O24>0), CALCULO!O24, 0) -> 0 | P27: =+IF(AND(CALCULO!P24<>"", CALCULO!P24>0), CALCULO!P24, 0) -> 0 | Q27: =+IF(AND(CALCULO!Q24<>"", CALCULO!Q24>0), CALCULO!Q24, 0) -> 0 | R27: =+IF(AND(CALCULO!R24<>"", CALCULO!R24>0), CALCULO!R24, 0) -> 0 | S27: =+IF(AND(CALCULO!S24<>"", CALCULO!S24>0), CALCULO!S24, 0) -> 1 | ... AQ27: =+IF(AND(CALCULO!AQ24<>"", CALCULO!AQ24>0), CALCULO!AQ24, 0) -> 0 | AR27: =+IF(AND(CALCULO!AT24<>"", CALCULO!AT24>0), CALCULO!AT24, 0) -> 0 | AS27: =+IF(AND(CALCULO!AU24<>"", CALCULO!AU24>0), CALCULO!AU24, 0) -> 0 | AT27: =+IF(AND(CALCULO!AR24<>"", CALCULO!AR24>0), CALCULO!AR24, 0) -> 0 | AU27: =+IF(AND(CALCULO!AS24<>"", CALCULO!AS24>0), CALCULO!AS24, 0) -> 0 | AV27: =+IF(AND(CALCULO!AW24<>"", CALCULO!AW24>0), CALCULO!AW24, 0) -> 0 | AW27: =+IF(AND(CALCULO!AX24<>"", CALCULO!AX24>0), CALCULO!AX24, 0) -> 0 | BE27: =+IF(AND(CALCULO!AV24<>"", CALCULO!AV24>0), CALCULO!AV24, "0") -> 0
B28: CONSUMO DE DROGAS Y ALCOHOL | C28: =+SUM(F28:AM28) -> 2 | E28: =+IF(AND(CALCULO!E25<>"", CALCULO!E25>0), CALCULO!E25, "") | F28: =+IF(AND(CALCULO!F25<>"", CALCULO!F25>0), CALCULO!F25, 0) -> 0 | G28: =+IF(AND(CALCULO!G25<>"", CALCULO!G25>0), CALCULO!G25, 0) -> 0 | H28: =+IF(AND(CALCULO!H25<>"", CALCULO!H25>0), CALCULO!H25, 0) -> 0 | I28: =+IF(AND(CALCULO!I25<>"", CALCULO!I25>0), CALCULO!I25, 0) -> 0 | J28: =+IF(AND(CALCULO!J25<>"", CALCULO!J25>0), CALCULO!J25, 0) -> 0 | K28: =+IF(AND(CALCULO!K25<>"",CALCULO!K25>0),CALCULO!K25,0) -> 0 | L28: =+IF(AND(CALCULO!L25<>"", CALCULO!L25>0), CALCULO!L25, 0) -> 0 | M28: =+IF(AND(CALCULO!M25<>"", CALCULO!M25>0), CALCULO!M25, 0) -> 0 | N28: =+IF(AND(CALCULO!N25<>"", CALCULO!N25>0), CALCULO!N25, 0) -> 1 | O28: =+IF(AND(CALCULO!O25<>"", CALCULO!O25>0), CALCULO!O25, 0) -> 0 | P28: =+IF(AND(CALCULO!P25<>"", CALCULO!P25>0), CALCULO!P25, 0) -> 0 | Q28: =+IF(AND(CALCULO!Q25<>"", CALCULO!Q25>0), CALCULO!Q25, 0) -> 0 | R28: =+IF(AND(CALCULO!R25<>"", CALCULO!R25>0), CALCULO!R25, 0) -> 0 | S28: =+IF(AND(CALCULO!S25<>"", CALCULO!S25>0), CALCULO!S25, 0) -> 0 | ... AQ28: =+IF(AND(CALCULO!AQ25<>"", CALCULO!AQ25>0), CALCULO!AQ25, 0) -> 0 | AR28: =+IF(AND(CALCULO!AT25<>"", CALCULO!AT25>0), CALCULO!AT25, 0) -> 0 | AS28: =+IF(AND(CALCULO!AU25<>"", CALCULO!AU25>0), CALCULO!AU25, 0) -> 0 | AT28: =+IF(AND(CALCULO!AR25<>"", CALCULO!AR25>0), CALCULO!AR25, 0) -> 0 | AU28: =+IF(AND(CALCULO!AS25<>"", CALCULO!AS25>0), CALCULO!AS25, 0) -> 0 | AV28: =+IF(AND(CALCULO!AW25<>"", CALCULO!AW25>0), CALCULO!AW25, 0) -> 0 | AW28: =+IF(AND(CALCULO!AX25<>"", CALCULO!AX25>0), CALCULO!AX25, 0) -> 0 | BE28: =+IF(AND(CALCULO!AV25<>"", CALCULO!AV25>0), CALCULO!AV25, "0") -> 0
A29: TRASTORNOS DEL COMPORTAMIENTO Y DE LAS EMOCIONES DE COMIENZO HABITUAL EN LA INFANCIA Y ADOLESCENCIA | B29: TRASTORNO HIPERCINÉTICO | C29: =+SUM(F29:AM29) -> 14 | E29: =+IF(AND(CALCULO!E26<>"", CALCULO!E26>0), CALCULO!E26, "") -> 4 | F29: =+IF(AND(CALCULO!F26<>"", CALCULO!F26>0), CALCULO!F26, 0) -> 0 | G29: =+IF(AND(CALCULO!G26<>"", CALCULO!G26>0), CALCULO!G26, 0) -> 0 | H29: =+IF(AND(CALCULO!H26<>"", CALCULO!H26>0), CALCULO!H26, 0) -> 2 | I29: =+IF(AND(CALCULO!I26<>"", CALCULO!I26>0), CALCULO!I26, 0) -> 0 | J29: =+IF(AND(CALCULO!J26<>"", CALCULO!J26>0), CALCULO!J26, 0) -> 0 | K29: =+IF(AND(CALCULO!K26<>"",CALCULO!K26>0),CALCULO!K26,0) -> 1 | L29: =+IF(AND(CALCULO!L26<>"", CALCULO!L26>0), CALCULO!L26, 0) -> 0 | M29: =+IF(AND(CALCULO!M26<>"", CALCULO!M26>0), CALCULO!M26, 0) -> 1 | N29: =+IF(AND(CALCULO!N26<>"", CALCULO!N26>0), CALCULO!N26, 0)+Tabla1[[#This Row],[Hombres12]]+Tabla1[[#This Row],[Hombres14]]+Tabla1[[#This Row],[Hombres16]]+Tabla1[[#This Row],[Hombres18]]+Tabla1[[#This Row],[Hombres20]]+Tabla1[[#This Row],[Hombres22]]+Tabla1[[#This Row],[Hombres24]]+Tabla1[[#This Row],[Hombres26]]+Tabla1[[#This Row],[Hombres ]]+Tabla1[[#This Row],[Hombres 29]]+Tabla1[[#This Row],[Hombres 31]]+Tabla1[[#This Row],[Hombres33]] -> 2 | O29: =+IF(AND(CALCULO!O26<>"", CALCULO!O26>0), CALCULO!O26, 0)+Tabla1[[#This Row],[Mujeres13]]+Tabla1[[#This Row],[Mujeres15]]+Tabla1[[#This Row],[Mujeres17]]+Tabla1[[#This Row],[Mujeres19]]+Tabla1[[#This Row],[Mujeres21]]+Tabla1[[#This Row],[Mujeres23]]+Tabla1[[#This Row],[Mujeres25]]+Tabla1[[#This Row],[Mujeres27]]+Tabla1[[#This Row],[Mujeres28]]+Tabla1[[#This Row],[Mujeres30]]+Tabla1[[#This Row],[Mujeres32]]+Tabla1[[#This Row],[Mujeres34]] -> 3 | P29: =+IF(AND(CALCULO!P26<>"", CALCULO!P26>0), CALCULO!P26, 0) -> 0 | Q29: =+IF(AND(CALCULO!Q26<>"", CALCULO!Q26>0), CALCULO!Q26, 0) -> 2 | R29: =+IF(AND(CALCULO!R26<>"", CALCULO!R26>0), CALCULO!R26, 0) -> 1 | S29: =+IF(AND(CALCULO!S26<>"", CALCULO!S26>0), CALCULO!S26, 0) -> 0 | T29: =+IF(AND(CALCULO!T26<>"", CALCULO!T26>0), CALCULO!T26, 0) -> 1 | U29: =+IF(AND(CALCULO!U26<>"", CALCULO!U26>0), CALCULO!U26, 0) -> 0 | V29: =+IF(AND(CALCULO!V26<>"", CALCULO!V26>0), CALCULO!V26, 0) -> 0 | W29: =+IF(AND(CALCULO!W26<>"", CALCULO!W26>0), CALCULO!W26, 0) -> 0 | ... AQ29: =+IF(AND(CALCULO!AQ26<>"", CALCULO!AQ26>0), CALCULO!AQ26, 0) -> 0 | AR29: =+IF(AND(CALCULO!AT26<>"", CALCULO!AT26>0), CALCULO!AT26, 0) -> 0 | AS29: =+IF(AND(CALCULO!AU26<>"", CALCULO!AU26>0), CALCULO!AU26, 0) -> 1 | AT29: =+IF(AND(CALCULO!AR26<>"", CALCULO!AR26>0), CALCULO!AR26, 0) -> 0 | AU29: =+IF(AND(CALCULO!AS26<>"", CALCULO!AS26>0), CALCULO!AS26, 0) -> 0 | AV29: =+IF(AND(CALCULO!AW26<>"", CALCULO!AW26>0), CALCULO!AW26, 0) -> 0 | AW29: =+IF(AND(CALCULO!AX26<>"", CALCULO!AX26>0), CALCULO!AX26, 0) -> 0 | BE29: =+IF(AND(CALCULO!AV26<>"", CALCULO!AV26>0), CALCULO!AV26, "0") -> 0
B30: TRASTORNO DISOCIAL DESAFIANTE Y OPOSICIONISTA | C30: =+SUM(F30:AM30) -> 1 | E30: =+IF(AND(CALCULO!E27<>"", CALCULO!E27>0), CALCULO!E27, "") -> 1 | F30: =+IF(AND(CALCULO!F27<>"", CALCULO!F27>0), CALCULO!F27, 0) -> 0 | G30: =+IF(AND(CALCULO!G27<>"", CALCULO!G27>0), CALCULO!G27, 0) -> 0 | H30: =+IF(AND(CALCULO!H27<>"", CALCULO!H27>0), CALCULO!H27, 0) -> 0 | I30: =+IF(AND(CALCULO!I27<>"", CALCULO!I27>0), CALCULO!I27, 0) -> 0 | J30: =+IF(AND(CALCULO!J27<>"", CALCULO!J27>0), CALCULO!J27, 0) -> 0 | K30: =+IF(AND(CALCULO!K27<>"",CALCULO!K27>0),CALCULO!K27,0) -> 1 | L30: =+IF(AND(CALCULO!L27<>"", CALCULO!L27>0), CALCULO!L27, 0) -> 0 | M30: =+IF(AND(CALCULO!M27<>"", CALCULO!M27>0), CALCULO!M27, 0) -> 0 | N30: =+IF(AND(CALCULO!N27<>"", CALCULO!N27>0), CALCULO!N27, 0) -> 0 | O30: =+IF(AND(CALCULO!O27<>"", CALCULO!O27>0), CALCULO!O27, 0) -> 0 | P30: =+IF(AND(CALCULO!P27<>"", CALCULO!P27>0), CALCULO!P27, 0) -> 0 | Q30: =+IF(AND(CALCULO!Q27<>"", CALCULO!Q27>0), CALCULO!Q27, 0) -> 0 | R30: =+IF(AND(CALCULO!R27<>"", CALCULO!R27>0), CALCULO!R27, 0) -> 0 | S30: =+IF(AND(CALCULO!S27<>"", CALCULO!S27>0), CALCULO!S27, 0) -> 0 | ... AQ30: =+IF(AND(CALCULO!AQ27<>"", CALCULO!AQ27>0), CALCULO!AQ27, 0) -> 0 | AR30: =+IF(AND(CALCULO!AT27<>"", CALCULO!AT27>0), CALCULO!AT27, 0) -> 0 | AS30: =+IF(AND(CALCULO!AU27<>"", CALCULO!AU27>0), CALCULO!AU27, 0) -> 0 | AT30: =+IF(AND(CALCULO!AR27<>"", CALCULO!AR27>0), CALCULO!AR27, 0) -> 0 | AU30: =+IF(AND(CALCULO!AS27<>"", CALCULO!AS27>0), CALCULO!AS27, 0) -> 0 | AV30: =+IF(AND(CALCULO!AW27<>"", CALCULO!AW27>0), CALCULO!AW27, 0) -> 0 | AW30: =+IF(AND(CALCULO!AX27<>"", CALCULO!AX27>0), CALCULO!AX27, 0) -> 0 | BE30: =+IF(AND(CALCULO!AV27<>"", CALCULO!AV27>0), CALCULO!AV27, "0") -> 0
B31: TRASTORNO DE ANSIEDAD DE SEPARACIÓN EN LA INFANCIA | C31: =+SUM(F31:AM31) -> 0 | E31: =+IF(AND(CALCULO!E28<>"", CALCULO!E28>0), CALCULO!E28, "") | F31: =+IF(AND(CALCULO!F28<>"", CALCULO!F28>0), CALCULO!F28, 0) -> 0 | G31: =+IF(AND(CALCULO!G28<>"", CALCULO!G28>0), CALCULO!G28, 0) -> 0 | H31: =+IF(AND(CALCULO!H28<>"", CALCULO!H28>0), CALCULO!H28, 0) -> 0 | I31: =+IF(AND(CALCULO!I28<>"", CALCULO!I28>0), CALCULO!I28, 0) -> 0 | J31: =+IF(AND(CALCULO!J28<>"", CALCULO!J28>0), CALCULO!J28, 0) -> 0 | K31: =+IF(AND(CALCULO!K28<>"",CALCULO!K28>0),CALCULO!K28,0) -> 0 | L31: =+IF(AND(CALCULO!L28<>"", CALCULO!L28>0), CALCULO!L28, 0) -> 0 | M31: =+IF(AND(CALCULO!M28<>"", CALCULO!M28>0), CALCULO!M28, 0) -> 0 | N31: =+IF(AND(CALCULO!N28<>"", CALCULO!N28>0), CALCULO!N28, 0) -> 0 | O31: =+IF(AND(CALCULO!O28<>"", CALCULO!O28>0), CALCULO!O28, 0) -> 0 | P31: =+IF(AND(CALCULO!P28<>"", CALCULO!P28>0), CALCULO!P28, 0) -> 0 | Q31: =+IF(AND(CALCULO!Q28<>"", CALCULO!Q28>0), CALCULO!Q28, 0) -> 0 | R31: =+IF(AND(CALCULO!R28<>"", CALCULO!R28>0), CALCULO!R28, 0) -> 0 | S31: =+IF(AND(CALCULO!S28<>"", CALCULO!S28>0), CALCULO!S28, 0) -> 0 | ... AQ31: =+IF(AND(CALCULO!AQ28<>"", CALCULO!AQ28>0), CALCULO!AQ28, 0) -> 0 | AR31: =+IF(AND(CALCULO!AT28<>"", CALCULO!AT28>0), CALCULO!AT28, 0) -> 0 | AS31: =+IF(AND(CALCULO!AU28<>"", CALCULO!AU28>0), CALCULO!AU28, 0) -> 0 | AT31: =+IF(AND(CALCULO!AR28<>"", CALCULO!AR28>0), CALCULO!AR28, 0) -> 0 | AU31: =+IF(AND(CALCULO!AS28<>"", CALCULO!AS28>0), CALCULO!AS28, 0) -> 0 | AV31: =+IF(AND(CALCULO!AW28<>"", CALCULO!AW28>0), CALCULO!AW28, 0) -> 0 | AW31: =+IF(AND(CALCULO!AX28<>"", CALCULO!AX28>0), CALCULO!AX28, 0) -> 0 | BE31: =+IF(AND(CALCULO!AV28<>"", CALCULO!AV28>0), CALCULO!AV28, "0") -> 0
B32: OTROS TRASTORNOS DEL COMPORTAMIENTO Y DE LAS EMOCIONES DE COMIENZO HABITUAL EN LA INFANCIA Y ADOLESCENCIA | C32: =+SUM(F32:AM32) -> 2 | E32: =+IF(AND(CALCULO!E29<>"", CALCULO!E29>0), CALCULO!E29, "") -> 2 | F32: =+IF(AND(CALCULO!F29<>"", CALCULO!F29>0), CALCULO!F29, 0) -> 0 | G32: =+IF(AND(CALCULO!G29<>"", CALCULO!G29>0), CALCULO!G29, 0) -> 0 | H32: =+IF(AND(CALCULO!H29<>"", CALCULO!H29>0), CALCULO!H29, 0) -> 0 | I32: =+IF(AND(CALCULO!I29<>"", CALCULO!I29>0), CALCULO!I29, 0) -> 0 | J32: =+IF(AND(CALCULO!J29<>"", CALCULO!J29>0), CALCULO!J29, 0) -> 0 | K32: =+IF(AND(CALCULO!K29<>"",CALCULO!K29>0),CALCULO!K29,0) -> 0 | L32: =+IF(AND(CALCULO!L29<>"", CALCULO!L29>0), CALCULO!L29, 0) -> 0 | M32: =+IF(AND(CALCULO!M29<>"", CALCULO!M29>0), CALCULO!M29, 0) -> 2 | N32: =+IF(AND(CALCULO!N29<>"", CALCULO!N29>0), CALCULO!N29, 0) -> 0 | O32: =+IF(AND(CALCULO!O29<>"", CALCULO!O29>0), CALCULO!O29, 0) -> 0 | P32: =+IF(AND(CALCULO!P29<>"", CALCULO!P29>0), CALCULO!P29, 0) -> 0 | Q32: =+IF(AND(CALCULO!Q29<>"", CALCULO!Q29>0), CALCULO!Q29, 0) -> 0 | R32: =+IF(AND(CALCULO!R29<>"", CALCULO!R29>0), CALCULO!R29, 0) -> 0 | S32: =+IF(AND(CALCULO!S29<>"", CALCULO!S29>0), CALCULO!S29, 0) -> 0 | ... AQ32: =+IF(AND(CALCULO!AQ29<>"", CALCULO!AQ29>0), CALCULO!AQ29, 0) -> 0 | AR32: =+IF(AND(CALCULO!AT29<>"", CALCULO!AT29>0), CALCULO!AT29, 0) -> 0 | AS32: =+IF(AND(CALCULO!AU29<>"", CALCULO!AU29>0), CALCULO!AU29, 0) -> 1 | AT32: =+IF(AND(CALCULO!AR29<>"", CALCULO!AR29>0), CALCULO!AR29, 0) -> 0 | AU32: =+IF(AND(CALCULO!AS29<>"", CALCULO!AS29>0), CALCULO!AS29, 0) -> 0 | AV32: =+IF(AND(CALCULO!AW29<>"", CALCULO!AW29>0), CALCULO!AW29, 0) -> 0 | AW32: =+IF(AND(CALCULO!AX29<>"", CALCULO!AX29>0), CALCULO!AX29, 0) -> 0 | BE32: =+IF(AND(CALCULO!AV29<>"", CALCULO!AV29>0), CALCULO!AV29, "0") -> 0
A33: TRASTORNOS DE ANSIEDAD | B33: TRASTORNO DE ESTRÉS POST TRAUMATICO | C33: =+SUM(F33:AM33) -> 1 | E33: =+IF(AND(CALCULO!E30<>"", CALCULO!E30>0), CALCULO!E30, "") | F33: =+IF(AND(CALCULO!F30<>"", CALCULO!F30>0), CALCULO!F30, 0) -> 0 | G33: =+IF(AND(CALCULO!G30<>"", CALCULO!G30>0), CALCULO!G30, 0) -> 0 | H33: =+IF(AND(CALCULO!H30<>"", CALCULO!H30>0), CALCULO!H30, 0) -> 0 | I33: =+IF(AND(CALCULO!I30<>"", CALCULO!I30>0), CALCULO!I30, 0) -> 0 | J33: =+IF(AND(CALCULO!J30<>"", CALCULO!J30>0), CALCULO!J30, 0) -> 1 | K33: =+IF(AND(CALCULO!K30<>"",CALCULO!K30>0),CALCULO!K30,0) -> 0 | L33: =+IF(AND(CALCULO!L30<>"", CALCULO!L30>0), CALCULO!L30, 0) -> 0 | M33: =+IF(AND(CALCULO!M30<>"", CALCULO!M30>0), CALCULO!M30, 0) -> 0 | N33: =+IF(AND(CALCULO!N30<>"", CALCULO!N30>0), CALCULO!N30, 0) -> 0 | O33: =+IF(AND(CALCULO!O30<>"", CALCULO!O30>0), CALCULO!O30, 0) -> 0 | P33: =+IF(AND(CALCULO!P30<>"", CALCULO!P30>0), CALCULO!P30, 0) -> 0 | Q33: =+IF(AND(CALCULO!Q30<>"", CALCULO!Q30>0), CALCULO!Q30, 0) -> 0 | R33: =+IF(AND(CALCULO!R30<>"", CALCULO!R30>0), CALCULO!R30, 0) -> 0 | S33: =+IF(AND(CALCULO!S30<>"", CALCULO!S30>0), CALCULO!S30, 0) -> 0 | ... AQ33: =+IF(AND(CALCULO!AQ30<>"", CALCULO!AQ30>0), CALCULO!AQ30, 0) -> 0 | AR33: =+IF(AND(CALCULO!AT30<>"", CALCULO!AT30>0), CALCULO!AT30, 0) -> 0 | AS33: =+IF(AND(CALCULO!AU30<>"", CALCULO!AU30>0), CALCULO!AU30, 0) -> 0 | AT33: =+IF(AND(CALCULO!AR30<>"", CALCULO!AR30>0), CALCULO!AR30, 0) -> 1 | AU33: =+IF(AND(CALCULO!AS30<>"", CALCULO!AS30>0), CALCULO!AS30, 0) -> 0 | AV33: =+IF(AND(CALCULO!AW30<>"", CALCULO!AW30>0), CALCULO!AW30, 0) -> 0 | AW33: =+IF(AND(CALCULO!AX30<>"", CALCULO!AX30>0), CALCULO!AX30, 0) -> 0 | BE33: =+IF(AND(CALCULO!AV30<>"", CALCULO!AV30>0), CALCULO!AV30, "0") -> 0
B34: TRASTORNO DE PÁNICO | C34: =+SUM(F34:AM34) -> 4 | E34: =+IF(AND(CALCULO!E31<>"", CALCULO!E31>0), CALCULO!E31, "") -> 3 | F34: =+IF(AND(CALCULO!F31<>"", CALCULO!F31>0), CALCULO!F31, 0) -> 0 | G34: =+IF(AND(CALCULO!G31<>"", CALCULO!G31>0), CALCULO!G31, 0) -> 0 | H34: =+IF(AND(CALCULO!H31<>"", CALCULO!H31>0), CALCULO!H31, 0) -> 0 | I34: =+IF(AND(CALCULO!I31<>"", CALCULO!I31>0), CALCULO!I31, 0) -> 0 | J34: =+IF(AND(CALCULO!J31<>"", CALCULO!J31>0), CALCULO!J31, 0) -> 1 | K34: =+IF(AND(CALCULO!K31<>"",CALCULO!K31>0),CALCULO!K31,0) -> 0 | L34: =+IF(AND(CALCULO!L31<>"", CALCULO!L31>0), CALCULO!L31, 0) -> 0 | M34: =+IF(AND(CALCULO!M31<>"", CALCULO!M31>0), CALCULO!M31, 0) -> 1 | N34: =+IF(AND(CALCULO!N31<>"", CALCULO!N31>0), CALCULO!N31, 0) -> 0 | O34: =+IF(AND(CALCULO!O31<>"", CALCULO!O31>0), CALCULO!O31, 0) -> 0 | P34: =+IF(AND(CALCULO!P31<>"", CALCULO!P31>0), CALCULO!P31, 0) -> 0 | Q34: =+IF(AND(CALCULO!Q31<>"", CALCULO!Q31>0), CALCULO!Q31, 0) -> 0 | R34: =+IF(AND(CALCULO!R31<>"", CALCULO!R31>0), CALCULO!R31, 0) -> 0 | S34: =+IF(AND(CALCULO!S31<>"", CALCULO!S31>0), CALCULO!S31, 0) -> 0 | ... AQ34: =+IF(AND(CALCULO!AQ31<>"", CALCULO!AQ31>0), CALCULO!AQ31, 0) -> 0 | AR34: =+IF(AND(CALCULO!AT31<>"", CALCULO!AT31>0), CALCULO!AT31, 0) -> 0 | AS34: =+IF(AND(CALCULO!AU31<>"", CALCULO!AU31>0), CALCULO!AU31, 0) -> 0 | AT34: =+IF(AND(CALCULO!AR31<>"", CALCULO!AR31>0), CALCULO!AR31, 0) -> 0 | AU34: =+IF(AND(CALCULO!AS31<>"", CALCULO!AS31>0), CALCULO!AS31, 0) -> 0 | AV34: =+IF(AND(CALCULO!AW31<>"", CALCULO!AW31>0), CALCULO!AW31, 0) -> 0 | AW34: =+IF(AND(CALCULO!AX31<>"", CALCULO!AX31>0), CALCULO!AX31, 0) -> 0 | BE34: =+IF(AND(CALCULO!AV31<>"", CALCULO!AV31>0), CALCULO!AV31, "0") -> 0
B35: FOBIAS SOCIALES | C35: =+SUM(F35:AM35) -> 0 | E35: =+IF(AND(CALCULO!E32<>"", CALCULO!E32>0), CALCULO!E32, "") | F35: =+IF(AND(CALCULO!F32<>"", CALCULO!F32>0), CALCULO!F32, 0) -> 0 | G35: =+IF(AND(CALCULO!G32<>"", CALCULO!G32>0), CALCULO!G32, 0) -> 0 | H35: =+IF(AND(CALCULO!H32<>"", CALCULO!H32>0), CALCULO!H32, 0) -> 0 | I35: =+IF(AND(CALCULO!I32<>"", CALCULO!I32>0), CALCULO!I32, 0) -> 0 | J35: =+IF(AND(CALCULO!J32<>"", CALCULO!J32>0), CALCULO!J32, 0) -> 0 | K35: =+IF(AND(CALCULO!K32<>"",CALCULO!K32>0),CALCULO!K32,0) -> 0 | L35: =+IF(AND(CALCULO!L32<>"", CALCULO!L32>0), CALCULO!L32, 0) -> 0 | M35: =+IF(AND(CALCULO!M32<>"", CALCULO!M32>0), CALCULO!M32, 0) -> 0 | N35: =+IF(AND(CALCULO!N32<>"", CALCULO!N32>0), CALCULO!N32, 0) -> 0 | O35: =+IF(AND(CALCULO!O32<>"", CALCULO!O32>0), CALCULO!O32, 0) -> 0 | P35: =+IF(AND(CALCULO!P32<>"", CALCULO!P32>0), CALCULO!P32, 0) -> 0 | Q35: =+IF(AND(CALCULO!Q32<>"", CALCULO!Q32>0), CALCULO!Q32, 0) -> 0 | R35: =+IF(AND(CALCULO!R32<>"", CALCULO!R32>0), CALCULO!R32, 0) -> 0 | S35: =+IF(AND(CALCULO!S32<>"", CALCULO!S32>0), CALCULO!S32, 0) -> 0 | ... AQ35: =+IF(AND(CALCULO!AQ32<>"", CALCULO!AQ32>0), CALCULO!AQ32, 0) -> 0 | AR35: =+IF(AND(CALCULO!AT32<>"", CALCULO!AT32>0), CALCULO!AT32, 0) -> 1 | AS35: =+IF(AND(CALCULO!AU32<>"", CALCULO!AU32>0), CALCULO!AU32, 0) -> 0 | AT35: =+IF(AND(CALCULO!AR32<>"", CALCULO!AR32>0), CALCULO!AR32, 0) -> 1 | AU35: =+IF(AND(CALCULO!AS32<>"", CALCULO!AS32>0), CALCULO!AS32, 0) -> 1 | AV35: =+IF(AND(CALCULO!AW32<>"", CALCULO!AW32>0), CALCULO!AW32, 0) -> 1 | AW35: =+IF(AND(CALCULO!AX32<>"", CALCULO!AX32>0), CALCULO!AX32, 0) -> 1 | BE35: =+IF(AND(CALCULO!AV32<>"", CALCULO!AV32>0), CALCULO!AV32, "0") -> 1
B36: TRASTORNOS DE ANSIEDAD GENERALIZADA | C36: =+SUM(F36:AM36) -> 3 | E36: =+IF(AND(CALCULO!E33<>"", CALCULO!E33>0), CALCULO!E33, "") | F36: =+IF(AND(CALCULO!F33<>"", CALCULO!F33>0), CALCULO!F33, 0) -> 0 | G36: =+IF(AND(CALCULO!G33<>"", CALCULO!G33>0), CALCULO!G33, 0) -> 0 | H36: =+IF(AND(CALCULO!H33<>"", CALCULO!H33>0), CALCULO!H33, 0) -> 0 | I36: =+IF(AND(CALCULO!I33<>"", CALCULO!I33>0), CALCULO!I33, 0) -> 0 | J36: =+IF(AND(CALCULO!J33<>"", CALCULO!J33>0), CALCULO!J33, 0) -> 0 | K36: =+IF(AND(CALCULO!K33<>"",CALCULO!K33>0),CALCULO!K33,0) -> 0 | L36: =+IF(AND(CALCULO!L33<>"", CALCULO!L33>0), CALCULO!L33, 0) -> 0 | M36: =+IF(AND(CALCULO!M33<>"", CALCULO!M33>0), CALCULO!M33, 0) -> 0 | N36: =+IF(AND(CALCULO!N33<>"", CALCULO!N33>0), CALCULO!N33, 0) -> 0 | O36: =+IF(AND(CALCULO!O33<>"", CALCULO!O33>0), CALCULO!O33, 0) -> 0 | P36: =+IF(AND(CALCULO!P33<>"", CALCULO!P33>0), CALCULO!P33, 0) -> 0 | Q36: =+IF(AND(CALCULO!Q33<>"", CALCULO!Q33>0), CALCULO!Q33, 0) -> 0 | R36: =+IF(AND(CALCULO!R33<>"", CALCULO!R33>0), CALCULO!R33, 0) -> 0 | S36: =+IF(AND(CALCULO!S33<>"", CALCULO!S33>0), CALCULO!S33, 0) -> 0 | ... AQ36: =+IF(AND(CALCULO!AQ33<>"", CALCULO!AQ33>0), CALCULO!AQ33, 0) -> 0 | AR36: =+IF(AND(CALCULO!AT33<>"", CALCULO!AT33>0), CALCULO!AT33, 0) -> 0 | AS36: =+IF(AND(CALCULO!AU33<>"", CALCULO!AU33>0), CALCULO!AU33, 0) -> 0 | AT36: =+IF(AND(CALCULO!AR33<>"", CALCULO!AR33>0), CALCULO!AR33, 0) -> 0 | AU36: =+IF(AND(CALCULO!AS33<>"", CALCULO!AS33>0), CALCULO!AS33, 0) -> 0 | AV36: =+IF(AND(CALCULO!AW33<>"", CALCULO!AW33>0), CALCULO!AW33, 0) -> 0 | AW36: =+IF(AND(CALCULO!AX33<>"", CALCULO!AX33>0), CALCULO!AX33, 0) -> 0 | BE36: =+IF(AND(CALCULO!AV33<>"", CALCULO!AV33>0), CALCULO!AV33, "0") -> 0
B37: OTROS TRASTORNOS DE ANSIEDAD | C37: =+SUM(F37:AM37) -> 315 | E37: =+IF(AND(CALCULO!E34<>"", CALCULO!E34>0), CALCULO!E34, "") -> 254 | F37: =+IF(AND(CALCULO!F34<>"", CALCULO!F34>0), CALCULO!F34, 0) -> 0 | G37: =+IF(AND(CALCULO!G34<>"", CALCULO!G34>0), CALCULO!G34, 0) -> 0 | H37: =+IF(AND(CALCULO!H34<>"", CALCULO!H34>0), CALCULO!H34, 0) -> 0 | I37: =+IF(AND(CALCULO!I34<>"", CALCULO!I34>0), CALCULO!I34, 0) -> 0 | J37: =+IF(AND(CALCULO!J34<>"", CALCULO!J34>0), CALCULO!J34, 0) -> 1 | K37: =+IF(AND(CALCULO!K34<>"",CALCULO!K34>0),CALCULO!K34,0) -> 5 | L37: =+IF(AND(CALCULO!L34<>"", CALCULO!L34>0), CALCULO!L34, 0) -> 6 | M37: =+IF(AND(CALCULO!M34<>"", CALCULO!M34>0), CALCULO!M34, 0) -> 18 | N37: =+IF(AND(CALCULO!N34<>"", CALCULO!N34>0), CALCULO!N34, 0) -> 4 | O37: =+IF(AND(CALCULO!O34<>"", CALCULO!O34>0), CALCULO!O34, 0) -> 12 | P37: =+IF(AND(CALCULO!P34<>"", CALCULO!P34>0), CALCULO!P34, 0) -> 12 | Q37: =+IF(AND(CALCULO!Q34<>"", CALCULO!Q34>0), CALCULO!Q34, 0) -> 22 | R37: =+IF(AND(CALCULO!R34<>"", CALCULO!R34>0), CALCULO!R34, 0) -> 3 | S37: =+IF(AND(CALCULO!S34<>"", CALCULO!S34>0), CALCULO!S34, 0) -> 17 | ... AQ37: =+IF(AND(CALCULO!AQ34<>"", CALCULO!AQ34>0), CALCULO!AQ34, 0) -> 9 | AR37: =+IF(AND(CALCULO!AT34<>"", CALCULO!AT34>0), CALCULO!AT34, 0) -> 0 | AS37: =+IF(AND(CALCULO!AU34<>"", CALCULO!AU34>0), CALCULO!AU34, 0) -> 1 | AT37: =+IF(AND(CALCULO!AR34<>"", CALCULO!AR34>0), CALCULO!AR34, 0) -> 4 | AU37: =+IF(AND(CALCULO!AS34<>"", CALCULO!AS34>0), CALCULO!AS34, 0) -> 5 | AV37: =+IF(AND(CALCULO!AW34<>"", CALCULO!AW34>0), CALCULO!AW34, 0) -> 3 | AW37: =+IF(AND(CALCULO!AX34<>"", CALCULO!AX34>0), CALCULO!AX34, 0) -> 0 | BE37: =+IF(AND(CALCULO!AV34<>"", CALCULO!AV34>0), CALCULO!AV34, "0") -> 0
A38: DEMENCIAS (INCLUYE ALZHEIMER) | B38: LEVE | C38: =+SUM(F38:AM38) -> 1 | E38: =+IF(AND(CALCULO!E35<>"", CALCULO!E35>0), CALCULO!E35, "") | F38: =+IF(AND(CALCULO!F35<>"", CALCULO!F35>0), CALCULO!F35, 0) -> 0 | G38: =+IF(AND(CALCULO!G35<>"", CALCULO!G35>0), CALCULO!G35, 0) -> 0 | H38: =+IF(AND(CALCULO!H35<>"", CALCULO!H35>0), CALCULO!H35, 0) -> 0 | I38: =+IF(AND(CALCULO!I35<>"", CALCULO!I35>0), CALCULO!I35, 0) -> 0 | J38: =+IF(AND(CALCULO!J35<>"", CALCULO!J35>0), CALCULO!J35, 0) -> 0 | K38: =+IF(AND(CALCULO!K35<>"",CALCULO!K35>0),CALCULO!K35,0) -> 0 | L38: =+IF(AND(CALCULO!L35<>"", CALCULO!L35>0), CALCULO!L35, 0) -> 0 | M38: =+IF(AND(CALCULO!M35<>"", CALCULO!M35>0), CALCULO!M35, 0) -> 0 | N38: =+IF(AND(CALCULO!N35<>"", CALCULO!N35>0), CALCULO!N35, 0) -> 0 | O38: =+IF(AND(CALCULO!O35<>"", CALCULO!O35>0), CALCULO!O35, 0) -> 0 | P38: =+IF(AND(CALCULO!P35<>"", CALCULO!P35>0), CALCULO!P35, 0) -> 0 | Q38: =+IF(AND(CALCULO!Q35<>"", CALCULO!Q35>0), CALCULO!Q35, 0) -> 0 | R38: =+IF(AND(CALCULO!R35<>"", CALCULO!R35>0), CALCULO!R35, 0) -> 0 | S38: =+IF(AND(CALCULO!S35<>"", CALCULO!S35>0), CALCULO!S35, 0) -> 0 | ... AQ38: =+IF(AND(CALCULO!AQ35<>"", CALCULO!AQ35>0), CALCULO!AQ35, 0) -> 0 | AR38: =+IF(AND(CALCULO!AT35<>"", CALCULO!AT35>0), CALCULO!AT35, 0) -> 0 | AS38: =+IF(AND(CALCULO!AU35<>"", CALCULO!AU35>0), CALCULO!AU35, 0) -> 0 | AT38: =+IF(AND(CALCULO!AR35<>"", CALCULO!AR35>0), CALCULO!AR35, 0) -> 0 | AU38: =+IF(AND(CALCULO!AS35<>"", CALCULO!AS35>0), CALCULO!AS35, 0) -> 0 | AV38: =+IF(AND(CALCULO!AW35<>"", CALCULO!AW35>0), CALCULO!AW35, 0) -> 0 | AW38: =+IF(AND(CALCULO!AX35<>"", CALCULO!AX35>0), CALCULO!AX35, 0) -> 0 | BE38: =+IF(AND(CALCULO!AV35<>"", CALCULO!AV35>0), CALCULO!AV35, "0") -> 0
B39: MODERADO | C39: =+SUM(F39:AM39) -> 4 | E39: =+IF(AND(CALCULO!E36<>"", CALCULO!E36>0), CALCULO!E36, "") | F39: =+IF(AND(CALCULO!F36<>"", CALCULO!F36>0), CALCULO!F36, 0) -> 0 | G39: =+IF(AND(CALCULO!G36<>"", CALCULO!G36>0), CALCULO!G36, 0) -> 0 | H39: =+IF(AND(CALCULO!H36<>"", CALCULO!H36>0), CALCULO!H36, 0) -> 0 | I39: =+IF(AND(CALCULO!I36<>"", CALCULO!I36>0), CALCULO!I36, 0) -> 0 | J39: =+IF(AND(CALCULO!J36<>"", CALCULO!J36>0), CALCULO!J36, 0) -> 0 | K39: =+IF(AND(CALCULO!K36<>"",CALCULO!K36>0),CALCULO!K36,0) -> 0 | L39: =+IF(AND(CALCULO!L36<>"", CALCULO!L36>0), CALCULO!L36, 0) -> 0 | M39: =+IF(AND(CALCULO!M36<>"", CALCULO!M36>0), CALCULO!M36, 0) -> 0 | N39: =+IF(AND(CALCULO!N36<>"", CALCULO!N36>0), CALCULO!N36, 0) -> 0 | O39: =+IF(AND(CALCULO!O36<>"", CALCULO!O36>0), CALCULO!O36, 0) -> 0 | P39: =+IF(AND(CALCULO!P36<>"", CALCULO!P36>0), CALCULO!P36, 0) -> 0 | Q39: =+IF(AND(CALCULO!Q36<>"", CALCULO!Q36>0), CALCULO!Q36, 0) -> 0 | R39: =+IF(AND(CALCULO!R36<>"", CALCULO!R36>0), CALCULO!R36, 0) -> 0 | S39: =+IF(AND(CALCULO!S36<>"", CALCULO!S36>0), CALCULO!S36, 0) -> 0 | ... AQ39: =+IF(AND(CALCULO!AQ36<>"", CALCULO!AQ36>0), CALCULO!AQ36, 0) -> 0 | AR39: =+IF(AND(CALCULO!AT36<>"", CALCULO!AT36>0), CALCULO!AT36, 0) -> 0 | AS39: =+IF(AND(CALCULO!AU36<>"", CALCULO!AU36>0), CALCULO!AU36, 0) -> 0 | AT39: =+IF(AND(CALCULO!AR36<>"", CALCULO!AR36>0), CALCULO!AR36, 0) -> 0 | AU39: =+IF(AND(CALCULO!AS36<>"", CALCULO!AS36>0), CALCULO!AS36, 0) -> 0 | AV39: =+IF(AND(CALCULO!AW36<>"", CALCULO!AW36>0), CALCULO!AW36, 0) -> 0 | AW39: =+IF(AND(CALCULO!AX36<>"", CALCULO!AX36>0), CALCULO!AX36, 0) -> 0 | BE39: =+IF(AND(CALCULO!AV36<>"", CALCULO!AV36>0), CALCULO!AV36, "0") -> 0
B40: AVANZADO | C40: =+SUM(F40:AM40) -> 0 | E40: =+IF(AND(CALCULO!E37<>"", CALCULO!E37>0), CALCULO!E37, "") | F40: =+IF(AND(CALCULO!F37<>"", CALCULO!F37>0), CALCULO!F37, 0) -> 0 | G40: =+IF(AND(CALCULO!G37<>"", CALCULO!G37>0), CALCULO!G37, 0) -> 0 | H40: =+IF(AND(CALCULO!H37<>"", CALCULO!H37>0), CALCULO!H37, 0) -> 0 | I40: =+IF(AND(CALCULO!I37<>"", CALCULO!I37>0), CALCULO!I37, 0) -> 0 | J40: =+IF(AND(CALCULO!J37<>"", CALCULO!J37>0), CALCULO!J37, 0) -> 0 | K40: =+IF(AND(CALCULO!K37<>"",CALCULO!K37>0),CALCULO!K37,0) -> 0 | L40: =+IF(AND(CALCULO!L37<>"", CALCULO!L37>0), CALCULO!L37, 0) -> 0 | M40: =+IF(AND(CALCULO!M37<>"", CALCULO!M37>0), CALCULO!M37, 0) -> 0 | N40: =+IF(AND(CALCULO!N37<>"", CALCULO!N37>0), CALCULO!N37, 0) -> 0 | O40: =+IF(AND(CALCULO!O37<>"", CALCULO!O37>0), CALCULO!O37, 0) -> 0 | P40: =+IF(AND(CALCULO!P37<>"", CALCULO!P37>0), CALCULO!P37, 0) -> 0 | Q40: =+IF(AND(CALCULO!Q37<>"", CALCULO!Q37>0), CALCULO!Q37, 0) -> 0 | R40: =+IF(AND(CALCULO!R37<>"", CALCULO!R37>0), CALCULO!R37, 0) -> 0 | S40: =+IF(AND(CALCULO!S37<>"", CALCULO!S37>0), CALCULO!S37, 0) -> 0 | ... AQ40: =+IF(AND(CALCULO!AQ37<>"", CALCULO!AQ37>0), CALCULO!AQ37, 0) -> 0 | AR40: =+IF(AND(CALCULO!AT37<>"", CALCULO!AT37>0), CALCULO!AT37, 0) -> 0 | AS40: =+IF(AND(CALCULO!AU37<>"", CALCULO!AU37>0), CALCULO!AU37, 0) -> 0 | AT40: =+IF(AND(CALCULO!AR37<>"", CALCULO!AR37>0), CALCULO!AR37, 0) -> 0 | AU40: =+IF(AND(CALCULO!AS37<>"", CALCULO!AS37>0), CALCULO!AS37, 0) -> 0 | AV40: =+IF(AND(CALCULO!AW37<>"", CALCULO!AW37>0), CALCULO!AW37, 0) -> 0 | AW40: =+IF(AND(CALCULO!AX37<>"", CALCULO!AX37>0), CALCULO!AX37, 0) -> 0 | BE40: =+IF(AND(CALCULO!AV37<>"", CALCULO!AV37>0), CALCULO!AV37, "0") -> 0
A41: ESQUIZOFRENIA | C41: =+SUM(F41:AM41) -> 0 | E41: =+IF(AND(CALCULO!E38<>"", CALCULO!E38>0), CALCULO!E38, "") | F41: =+IF(AND(CALCULO!F38<>"", CALCULO!F38>0), CALCULO!F38, 0) -> 0 | G41: =+IF(AND(CALCULO!G38<>"", CALCULO!G38>0), CALCULO!G38, 0) -> 0 | H41: =+IF(AND(CALCULO!H38<>"", CALCULO!H38>0), CALCULO!H38, 0) -> 0 | I41: =+IF(AND(CALCULO!I38<>"", CALCULO!I38>0), CALCULO!I38, 0) -> 0 | J41: =+IF(AND(CALCULO!J38<>"", CALCULO!J38>0), CALCULO!J38, 0) -> 0 | K41: =+IF(AND(CALCULO!K38<>"",CALCULO!K38>0),CALCULO!K38,0) -> 0 | L41: =+IF(AND(CALCULO!L38<>"", CALCULO!L38>0), CALCULO!L38, 0) -> 0 | M41: =+IF(AND(CALCULO!M38<>"", CALCULO!M38>0), CALCULO!M38, 0) -> 0 | N41: =+IF(AND(CALCULO!N38<>"", CALCULO!N38>0), CALCULO!N38, 0) -> 0 | O41: =+IF(AND(CALCULO!O38<>"", CALCULO!O38>0), CALCULO!O38, 0) -> 0 | P41: =+IF(AND(CALCULO!P38<>"", CALCULO!P38>0), CALCULO!P38, 0) -> 0 | Q41: =+IF(AND(CALCULO!Q38<>"", CALCULO!Q38>0), CALCULO!Q38, 0) -> 0 | R41: =+IF(AND(CALCULO!R38<>"", CALCULO!R38>0), CALCULO!R38, 0) -> 0 | S41: =+IF(AND(CALCULO!S38<>"", CALCULO!S38>0), CALCULO!S38, 0) -> 0 | ... AQ41: =+IF(AND(CALCULO!AQ38<>"", CALCULO!AQ38>0), CALCULO!AQ38, 0) -> 0 | AR41: =+IF(AND(CALCULO!AT38<>"", CALCULO!AT38>0), CALCULO!AT38, 0) -> 0 | AS41: =+IF(AND(CALCULO!AU38<>"", CALCULO!AU38>0), CALCULO!AU38, 0) -> 0 | AT41: =+IF(AND(CALCULO!AR38<>"", CALCULO!AR38>0), CALCULO!AR38, 0) -> 0 | AU41: =+IF(AND(CALCULO!AS38<>"", CALCULO!AS38>0), CALCULO!AS38, 0) -> 0 | AV41: =+IF(AND(CALCULO!AW38<>"", CALCULO!AW38>0), CALCULO!AW38, 0) -> 0 | AW41: =+IF(AND(CALCULO!AX38<>"", CALCULO!AX38>0), CALCULO!AX38, 0) -> 0 | BE41: =+IF(AND(CALCULO!AV38<>"", CALCULO!AV38>0), CALCULO!AV38, "0") -> 0
A42: TRASTORNO ADAPTATIVO | C42: =+SUM(F42:AM42) -> 125 | E42: =+IF(AND(CALCULO!E39<>"", CALCULO!E39>0), CALCULO!E39, "") -> 101 | F42: =+IF(AND(CALCULO!F39<>"", CALCULO!F39>0), CALCULO!F39, 0) -> 0 | G42: =+IF(AND(CALCULO!G39<>"", CALCULO!G39>0), CALCULO!G39, 0) -> 0 | H42: =+IF(AND(CALCULO!H39<>"", CALCULO!H39>0), CALCULO!H39, 0) -> 0 | I42: =+IF(AND(CALCULO!I39<>"", CALCULO!I39>0), CALCULO!I39, 0) -> 0 | J42: =+IF(AND(CALCULO!J39<>"", CALCULO!J39>0), CALCULO!J39, 0) -> 3 | K42: =+IF(AND(CALCULO!K39<>"",CALCULO!K39>0),CALCULO!K39,0) -> 0 | L42: =+IF(AND(CALCULO!L39<>"", CALCULO!L39>0), CALCULO!L39, 0) -> 2 | M42: =+IF(AND(CALCULO!M39<>"", CALCULO!M39>0), CALCULO!M39, 0) -> 4 | N42: =+IF(AND(CALCULO!N39<>"", CALCULO!N39>0), CALCULO!N39, 0) -> 0 | O42: =+IF(AND(CALCULO!O39<>"", CALCULO!O39>0), CALCULO!O39, 0) -> 3 | P42: =+IF(AND(CALCULO!P39<>"", CALCULO!P39>0), CALCULO!P39, 0) -> 2 | Q42: =+IF(AND(CALCULO!Q39<>"", CALCULO!Q39>0), CALCULO!Q39, 0) -> 6 | R42: =+IF(AND(CALCULO!R39<>"", CALCULO!R39>0), CALCULO!R39, 0) -> 2 | S42: =+IF(AND(CALCULO!S39<>"", CALCULO!S39>0), CALCULO!S39, 0) -> 6 | ... AQ42: =+IF(AND(CALCULO!AQ39<>"", CALCULO!AQ39>0), CALCULO!AQ39, 0) -> 11 | AR42: =+IF(AND(CALCULO!AT39<>"", CALCULO!AT39>0), CALCULO!AT39, 0) -> 0 | AS42: =+IF(AND(CALCULO!AU39<>"", CALCULO!AU39>0), CALCULO!AU39, 0) -> 0 | AT42: =+IF(AND(CALCULO!AR39<>"", CALCULO!AR39>0), CALCULO!AR39, 0) -> 0 | AU42: =+IF(AND(CALCULO!AS39<>"", CALCULO!AS39>0), CALCULO!AS39, 0) -> 0 | AV42: =+IF(AND(CALCULO!AW39<>"", CALCULO!AW39>0), CALCULO!AW39, 0) -> 0 | AW42: =+IF(AND(CALCULO!AX39<>"", CALCULO!AX39>0), CALCULO!AX39, 0) -> 0 | BE42: =+IF(AND(CALCULO!AV39<>"", CALCULO!AV39>0), CALCULO!AV39, "0") -> 0
A43: TRASTORNOS DE LA CONDUCTA ALIMENTARIA | C43: =+SUM(F43:AM43) -> 1 | E43: =+IF(AND(CALCULO!E40<>"", CALCULO!E40>0), CALCULO!E40, "") -> 1 | F43: =+IF(AND(CALCULO!F40<>"", CALCULO!F40>0), CALCULO!F40, 0) -> 0 | G43: =+IF(AND(CALCULO!G40<>"", CALCULO!G40>0), CALCULO!G40, 0) -> 0 | H43: =+IF(AND(CALCULO!H40<>"", CALCULO!H40>0), CALCULO!H40, 0) -> 0 | I43: =+IF(AND(CALCULO!I40<>"", CALCULO!I40>0), CALCULO!I40, 0) -> 0 | J43: =+IF(AND(CALCULO!J40<>"", CALCULO!J40>0), CALCULO!J40, 0) -> 0 | K43: =+IF(AND(CALCULO!K40<>"",CALCULO!K40>0),CALCULO!K40,0) -> 0 | L43: =+IF(AND(CALCULO!L40<>"", CALCULO!L40>0), CALCULO!L40, 0) -> 0 | M43: =+IF(AND(CALCULO!M40<>"", CALCULO!M40>0), CALCULO!M40, 0) -> 0 | N43: =+IF(AND(CALCULO!N40<>"", CALCULO!N40>0), CALCULO!N40, 0) -> 0 | O43: =+IF(AND(CALCULO!O40<>"", CALCULO!O40>0), CALCULO!O40, 0) -> 0 | P43: =+IF(AND(CALCULO!P40<>"", CALCULO!P40>0), CALCULO!P40, 0) -> 0 | Q43: =+IF(AND(CALCULO!Q40<>"", CALCULO!Q40>0), CALCULO!Q40, 0) -> 0 | R43: =+IF(AND(CALCULO!R40<>"", CALCULO!R40>0), CALCULO!R40, 0) -> 0 | S43: =+IF(AND(CALCULO!S40<>"", CALCULO!S40>0), CALCULO!S40, 0) -> 0 | ... AQ43: =+IF(AND(CALCULO!AQ40<>"", CALCULO!AQ40>0), CALCULO!AQ40, 0) -> 0 | AR43: =+IF(AND(CALCULO!AT40<>"", CALCULO!AT40>0), CALCULO!AT40, 0) -> 0 | AS43: =+IF(AND(CALCULO!AU40<>"", CALCULO!AU40>0), CALCULO!AU40, 0) -> 0 | AT43: =+IF(AND(CALCULO!AR40<>"", CALCULO!AR40>0), CALCULO!AR40, 0) -> 0 | AU43: =+IF(AND(CALCULO!AS40<>"", CALCULO!AS40>0), CALCULO!AS40, 0) -> 0 | AV43: =+IF(AND(CALCULO!AW40<>"", CALCULO!AW40>0), CALCULO!AW40, 0) -> 0 | AW43: =+IF(AND(CALCULO!AX40<>"", CALCULO!AX40>0), CALCULO!AX40, 0) -> 0 | BE43: =+IF(AND(CALCULO!AV40<>"", CALCULO!AV40>0), CALCULO!AV40, "0") -> 0
A44: RETRASO MENTAL | C44: =+SUM(F44:AM44) -> 1 | E44: =+IF(AND(CALCULO!E41<>"", CALCULO!E41>0), CALCULO!E41, "") | F44: =+IF(AND(CALCULO!F41<>"", CALCULO!F41>0), CALCULO!F41, 0) -> 0 | G44: =+IF(AND(CALCULO!G41<>"", CALCULO!G41>0), CALCULO!G41, 0) -> 0 | H44: =+IF(AND(CALCULO!H41<>"", CALCULO!H41>0), CALCULO!H41, 0) -> 0 | I44: =+IF(AND(CALCULO!I41<>"", CALCULO!I41>0), CALCULO!I41, 0) -> 0 | J44: =+IF(AND(CALCULO!J41<>"", CALCULO!J41>0), CALCULO!J41, 0) -> 0 | K44: =+IF(AND(CALCULO!K41<>"",CALCULO!K41>0),CALCULO!K41,0) -> 0 | L44: =+IF(AND(CALCULO!L41<>"", CALCULO!L41>0), CALCULO!L41, 0) -> 0 | M44: =+IF(AND(CALCULO!M41<>"", CALCULO!M41>0), CALCULO!M41, 0) -> 0 | N44: =+IF(AND(CALCULO!N41<>"", CALCULO!N41>0), CALCULO!N41, 0) -> 0 | O44: =+IF(AND(CALCULO!O41<>"", CALCULO!O41>0), CALCULO!O41, 0) -> 0 | P44: =+IF(AND(CALCULO!P41<>"", CALCULO!P41>0), CALCULO!P41, 0) -> 1 | Q44: =+IF(AND(CALCULO!Q41<>"", CALCULO!Q41>0), CALCULO!Q41, 0) -> 0 | R44: =+IF(AND(CALCULO!R41<>"", CALCULO!R41>0), CALCULO!R41, 0) -> 0 | S44: =+IF(AND(CALCULO!S41<>"", CALCULO!S41>0), CALCULO!S41, 0) -> 0 | ... AQ44: =+IF(AND(CALCULO!AQ41<>"", CALCULO!AQ41>0), CALCULO!AQ41, 0) -> 0 | AR44: =+IF(AND(CALCULO!AT41<>"", CALCULO!AT41>0), CALCULO!AT41, 0) -> 0 | AS44: =+IF(AND(CALCULO!AU41<>"", CALCULO!AU41>0), CALCULO!AU41, 0) -> 0 | AT44: =+IF(AND(CALCULO!AR41<>"", CALCULO!AR41>0), CALCULO!AR41, 0) -> 0 | AU44: =+IF(AND(CALCULO!AS41<>"", CALCULO!AS41>0), CALCULO!AS41, 0) -> 0 | AV44: =+IF(AND(CALCULO!AW41<>"", CALCULO!AW41>0), CALCULO!AW41, 0) -> 0 | AW44: =+IF(AND(CALCULO!AX41<>"", CALCULO!AX41>0), CALCULO!AX41, 0) -> 0 | BE44: =+IF(AND(CALCULO!AV41<>"", CALCULO!AV41>0), CALCULO!AV41, "0") -> 0
A45: TRASTORNO DE PERSONALIDAD | C45: =+SUM(F45:AM45) -> 14 | E45: =+IF(AND(CALCULO!E42<>"", CALCULO!E42>0), CALCULO!E42, "") -> 7 | F45: =+IF(AND(CALCULO!F42<>"", CALCULO!F42>0), CALCULO!F42, 0) -> 0 | G45: =+IF(AND(CALCULO!G42<>"", CALCULO!G42>0), CALCULO!G42, 0) -> 0 | H45: =+IF(AND(CALCULO!H42<>"", CALCULO!H42>0), CALCULO!H42, 0) -> 0 | I45: =+IF(AND(CALCULO!I42<>"", CALCULO!I42>0), CALCULO!I42, 0) -> 0 | J45: =+IF(AND(CALCULO!J42<>"", CALCULO!J42>0), CALCULO!J42, 0) -> 0 | K45: =+IF(AND(CALCULO!K42<>"",CALCULO!K42>0),CALCULO!K42,0) -> 0 | L45: =+IF(AND(CALCULO!L42<>"", CALCULO!L42>0), CALCULO!L42, 0) -> 1 | M45: =+IF(AND(CALCULO!M42<>"", CALCULO!M42>0), CALCULO!M42, 0) -> 1 | N45: =+IF(AND(CALCULO!N42<>"", CALCULO!N42>0), CALCULO!N42, 0) -> 0 | O45: =+IF(AND(CALCULO!O42<>"", CALCULO!O42>0), CALCULO!O42, 0) -> 0 | P45: =+IF(AND(CALCULO!P42<>"", CALCULO!P42>0), CALCULO!P42, 0) -> 0 | Q45: =+IF(AND(CALCULO!Q42<>"", CALCULO!Q42>0), CALCULO!Q42, 0) -> 2 | R45: =+IF(AND(CALCULO!R42<>"", CALCULO!R42>0), CALCULO!R42, 0) -> 0 | S45: =+IF(AND(CALCULO!S42<>"", CALCULO!S42>0), CALCULO!S42, 0) -> 1 | ... AQ45: =+IF(AND(CALCULO!AQ42<>"", CALCULO!AQ42>0), CALCULO!AQ42, 0) -> 0 | AR45: =+IF(AND(CALCULO!AT42<>"", CALCULO!AT42>0), CALCULO!AT42, 0) -> 0 | AS45: =+IF(AND(CALCULO!AU42<>"", CALCULO!AU42>0), CALCULO!AU42, 0) -> 0 | AT45: =+IF(AND(CALCULO!AR42<>"", CALCULO!AR42>0), CALCULO!AR42, 0) -> 0 | AU45: =+IF(AND(CALCULO!AS42<>"", CALCULO!AS42>0), CALCULO!AS42, 0) -> 0 | AV45: =+IF(AND(CALCULO!AW42<>"", CALCULO!AW42>0), CALCULO!AW42, 0) -> 0 | AW45: =+IF(AND(CALCULO!AX42<>"", CALCULO!AX42>0), CALCULO!AX42, 0) -> 0 | BE45: =+IF(AND(CALCULO!AV42<>"", CALCULO!AV42>0), CALCULO!AV42, "0") -> 0
A46: TRASTORNO GENERALIZADOS DEL DESARROLLO | B46: AUTISMO | C46: =+SUM(F46:AM46) -> 2 | E46: =+IF(AND(CALCULO!E43<>"", CALCULO!E43>0), CALCULO!E43, "") | F46: =+IF(AND(CALCULO!F43<>"", CALCULO!F43>0), CALCULO!F43, 0) -> 0 | G46: =+IF(AND(CALCULO!G43<>"", CALCULO!G43>0), CALCULO!G43, 0) -> 0 | H46: =+IF(AND(CALCULO!H43<>"", CALCULO!H43>0), CALCULO!H43, 0) -> 0 | I46: =+IF(AND(CALCULO!I43<>"", CALCULO!I43>0), CALCULO!I43, 0) -> 0 | J46: =+IF(AND(CALCULO!J43<>"", CALCULO!J43>0), CALCULO!J43, 0) -> 0 | K46: =+IF(AND(CALCULO!K43<>"",CALCULO!K43>0),CALCULO!K43,0) -> 0 | L46: =+IF(AND(CALCULO!L43<>"", CALCULO!L43>0), CALCULO!L43, 0) -> 2 | M46: =+IF(AND(CALCULO!M43<>"", CALCULO!M43>0), CALCULO!M43, 0) -> 0 | N46: =+IF(AND(CALCULO!N43<>"", CALCULO!N43>0), CALCULO!N43, 0) -> 0 | O46: =+IF(AND(CALCULO!O43<>"", CALCULO!O43>0), CALCULO!O43, 0) -> 0 | P46: =+IF(AND(CALCULO!P43<>"", CALCULO!P43>0), CALCULO!P43, 0) -> 0 | Q46: =+IF(AND(CALCULO!Q43<>"", CALCULO!Q43>0), CALCULO!Q43, 0) -> 0 | R46: =+IF(AND(CALCULO!R43<>"", CALCULO!R43>0), CALCULO!R43, 0) -> 0 | S46: =+IF(AND(CALCULO!S43<>"", CALCULO!S43>0), CALCULO!S43, 0) -> 0 | ... AQ46: =+IF(AND(CALCULO!AQ43<>"", CALCULO!AQ43>0), CALCULO!AQ43, 0) -> 0 | AR46: =+IF(AND(CALCULO!AT43<>"", CALCULO!AT43>0), CALCULO!AT43, 0) -> 0 | AS46: =+IF(AND(CALCULO!AU43<>"", CALCULO!AU43>0), CALCULO!AU43, 0) -> 0 | AT46: =+IF(AND(CALCULO!AR43<>"", CALCULO!AR43>0), CALCULO!AR43, 0) -> 0 | AU46: =+IF(AND(CALCULO!AS43<>"", CALCULO!AS43>0), CALCULO!AS43, 0) -> 0 | AV46: =+IF(AND(CALCULO!AW43<>"", CALCULO!AW43>0), CALCULO!AW43, 0) -> 0 | AW46: =+IF(AND(CALCULO!AX43<>"", CALCULO!AX43>0), CALCULO!AX43, 0) -> 0 | BE46: =+IF(AND(CALCULO!AV43<>"", CALCULO!AV43>0), CALCULO!AV43, "0") -> 0
B47: ASPERGER | C47: =+SUM(F47:AM47) -> 1 | E47: =+IF(AND(CALCULO!E44<>"", CALCULO!E44>0), CALCULO!E44, "") | F47: =+IF(AND(CALCULO!F44<>"", CALCULO!F44>0), CALCULO!F44, 0) -> 0 | G47: =+IF(AND(CALCULO!G44<>"", CALCULO!G44>0), CALCULO!G44, 0) -> 0 | H47: =+IF(AND(CALCULO!H44<>"", CALCULO!H44>0), CALCULO!H44, 0) -> 0 | I47: =+IF(AND(CALCULO!I44<>"", CALCULO!I44>0), CALCULO!I44, 0) -> 0 | J47: =+IF(AND(CALCULO!J44<>"", CALCULO!J44>0), CALCULO!J44, 0) -> 0 | K47: =+IF(AND(CALCULO!K44<>"",CALCULO!K44>0),CALCULO!K44,0) -> 0 | L47: =+IF(AND(CALCULO!L44<>"", CALCULO!L44>0), CALCULO!L44, 0) -> 0 | M47: =+IF(AND(CALCULO!M44<>"", CALCULO!M44>0), CALCULO!M44, 0) -> 0 | N47: =+IF(AND(CALCULO!N44<>"", CALCULO!N44>0), CALCULO!N44, 0) -> 1 | O47: =+IF(AND(CALCULO!O44<>"", CALCULO!O44>0), CALCULO!O44, 0) -> 0 | P47: =+IF(AND(CALCULO!P44<>"", CALCULO!P44>0), CALCULO!P44, 0) -> 0 | Q47: =+IF(AND(CALCULO!Q44<>"", CALCULO!Q44>0), CALCULO!Q44, 0) -> 0 | R47: =+IF(AND(CALCULO!R44<>"", CALCULO!R44>0), CALCULO!R44, 0) -> 0 | S47: =+IF(AND(CALCULO!S44<>"", CALCULO!S44>0), CALCULO!S44, 0) -> 0 | ... AQ47: =+IF(AND(CALCULO!AQ44<>"", CALCULO!AQ44>0), CALCULO!AQ44, 0) -> 0 | AR47: =+IF(AND(CALCULO!AT44<>"", CALCULO!AT44>0), CALCULO!AT44, 0) -> 0 | AS47: =+IF(AND(CALCULO!AU44<>"", CALCULO!AU44>0), CALCULO!AU44, 0) -> 0 | AT47: =+IF(AND(CALCULO!AR44<>"", CALCULO!AR44>0), CALCULO!AR44, 0) -> 0 | AU47: =+IF(AND(CALCULO!AS44<>"", CALCULO!AS44>0), CALCULO!AS44, 0) -> 0 | AV47: =+IF(AND(CALCULO!AW44<>"", CALCULO!AW44>0), CALCULO!AW44, 0) -> 0 | AW47: =+IF(AND(CALCULO!AX44<>"", CALCULO!AX44>0), CALCULO!AX44, 0) -> 0 | BE47: =+IF(AND(CALCULO!AV44<>"", CALCULO!AV44>0), CALCULO!AV44, "0") -> 0
B48: SÍNDROME DE RETT | C48: =+SUM(F48:AM48) -> 0 | E48: =+IF(AND(CALCULO!E45<>"", CALCULO!E45>0), CALCULO!E45, "") | F48: =+IF(AND(CALCULO!F45<>"", CALCULO!F45>0), CALCULO!F45, 0) -> 0 | G48: =+IF(AND(CALCULO!G45<>"", CALCULO!G45>0), CALCULO!G45, 0) -> 0 | H48: =+IF(AND(CALCULO!H45<>"", CALCULO!H45>0), CALCULO!H45, 0) -> 0 | I48: =+IF(AND(CALCULO!I45<>"", CALCULO!I45>0), CALCULO!I45, 0) -> 0 | J48: =+IF(AND(CALCULO!J45<>"", CALCULO!J45>0), CALCULO!J45, 0) -> 0 | K48: =+IF(AND(CALCULO!K45<>"",CALCULO!K45>0),CALCULO!K45,0) -> 0 | L48: =+IF(AND(CALCULO!L45<>"", CALCULO!L45>0), CALCULO!L45, 0) -> 0 | M48: =+IF(AND(CALCULO!M45<>"", CALCULO!M45>0), CALCULO!M45, 0) -> 0 | N48: =+IF(AND(CALCULO!N45<>"", CALCULO!N45>0), CALCULO!N45, 0) -> 0 | O48: =+IF(AND(CALCULO!O45<>"", CALCULO!O45>0), CALCULO!O45, 0) -> 0 | P48: =+IF(AND(CALCULO!P45<>"", CALCULO!P45>0), CALCULO!P45, 0) -> 0 | Q48: =+IF(AND(CALCULO!Q45<>"", CALCULO!Q45>0), CALCULO!Q45, 0) -> 0 | R48: =+IF(AND(CALCULO!R45<>"", CALCULO!R45>0), CALCULO!R45, 0) -> 0 | S48: =+IF(AND(CALCULO!S45<>"", CALCULO!S45>0), CALCULO!S45, 0) -> 0 | ... AQ48: =+IF(AND(CALCULO!AQ45<>"", CALCULO!AQ45>0), CALCULO!AQ45, 0) -> 0 | AR48: =+IF(AND(CALCULO!AT45<>"", CALCULO!AT45>0), CALCULO!AT45, 0) -> 0 | AS48: =+IF(AND(CALCULO!AU45<>"", CALCULO!AU45>0), CALCULO!AU45, 0) -> 0 | AT48: =+IF(AND(CALCULO!AR45<>"", CALCULO!AR45>0), CALCULO!AR45, 0) -> 0 | AU48: =+IF(AND(CALCULO!AS45<>"", CALCULO!AS45>0), CALCULO!AS45, 0) -> 0 | AV48: =+IF(AND(CALCULO!AW45<>"", CALCULO!AW45>0), CALCULO!AW45, 0) -> 0 | AW48: =+IF(AND(CALCULO!AX45<>"", CALCULO!AX45>0), CALCULO!AX45, 0) -> 0 | BE48: =+IF(AND(CALCULO!AV45<>"", CALCULO!AV45>0), CALCULO!AV45, "0") -> 0
B49: TRASTORNO DESINTEGRATIVO DE LA INFANCIA | C49: =+SUM(F49:AM49) -> 0 | E49: =+IF(AND(CALCULO!E46<>"", CALCULO!E46>0), CALCULO!E46, "") | F49: =+IF(AND(CALCULO!F46<>"", CALCULO!F46>0), CALCULO!F46, 0) -> 0 | G49: =+IF(AND(CALCULO!G46<>"", CALCULO!G46>0), CALCULO!G46, 0) -> 0 | H49: =+IF(AND(CALCULO!H46<>"", CALCULO!H46>0), CALCULO!H46, 0) -> 0 | I49: =+IF(AND(CALCULO!I46<>"", CALCULO!I46>0), CALCULO!I46, 0) -> 0 | J49: =+IF(AND(CALCULO!J46<>"", CALCULO!J46>0), CALCULO!J46, 0) -> 0 | K49: =+IF(AND(CALCULO!K46<>"",CALCULO!K46>0),CALCULO!K46,0) -> 0 | L49: =+IF(AND(CALCULO!L46<>"", CALCULO!L46>0), CALCULO!L46, 0) -> 0 | M49: =+IF(AND(CALCULO!M46<>"", CALCULO!M46>0), CALCULO!M46, 0) -> 0 | N49: =+IF(AND(CALCULO!N46<>"", CALCULO!N46>0), CALCULO!N46, 0) -> 0 | O49: =+IF(AND(CALCULO!O46<>"", CALCULO!O46>0), CALCULO!O46, 0) -> 0 | P49: =+IF(AND(CALCULO!P46<>"", CALCULO!P46>0), CALCULO!P46, 0) -> 0 | Q49: =+IF(AND(CALCULO!Q46<>"", CALCULO!Q46>0), CALCULO!Q46, 0) -> 0 | R49: =+IF(AND(CALCULO!R46<>"", CALCULO!R46>0), CALCULO!R46, 0) -> 0 | S49: =+IF(AND(CALCULO!S46<>"", CALCULO!S46>0), CALCULO!S46, 0) -> 0 | ... AQ49: =+IF(AND(CALCULO!AQ46<>"", CALCULO!AQ46>0), CALCULO!AQ46, 0) -> 0 | AR49: =+IF(AND(CALCULO!AT46<>"", CALCULO!AT46>0), CALCULO!AT46, 0) -> 0 | AS49: =+IF(AND(CALCULO!AU46<>"", CALCULO!AU46>0), CALCULO!AU46, 0) -> 0 | AT49: =+IF(AND(CALCULO!AR46<>"", CALCULO!AR46>0), CALCULO!AR46, 0) -> 0 | AU49: =+IF(AND(CALCULO!AS46<>"", CALCULO!AS46>0), CALCULO!AS46, 0) -> 0 | AV49: =+IF(AND(CALCULO!AW46<>"", CALCULO!AW46>0), CALCULO!AW46, 0) -> 0 | AW49: =+IF(AND(CALCULO!AX46<>"", CALCULO!AX46>0), CALCULO!AX46, 0) -> 0 | BE49: =+IF(AND(CALCULO!AV46<>"", CALCULO!AV46>0), CALCULO!AV46, "0") -> 0
B50: TRASTONO GENERALIZADO DEL DESARROLLO NO ESPECÍFICO | C50: =+SUM(F50:AM50) -> 0 | E50: =+IF(AND(CALCULO!E47<>"", CALCULO!E47>0), CALCULO!E47, "") | F50: =+IF(AND(CALCULO!F47<>"", CALCULO!F47>0), CALCULO!F47, 0) -> 0 | G50: =+IF(AND(CALCULO!G47<>"", CALCULO!G47>0), CALCULO!G47, 0) -> 0 | H50: =+IF(AND(CALCULO!H47<>"", CALCULO!H47>0), CALCULO!H47, 0) -> 0 | I50: =+IF(AND(CALCULO!I47<>"", CALCULO!I47>0), CALCULO!I47, 0) -> 0 | J50: =+IF(AND(CALCULO!J47<>"", CALCULO!J47>0), CALCULO!J47, 0) -> 0 | K50: =+IF(AND(CALCULO!K47<>"",CALCULO!K47>0),CALCULO!K47,0) -> 0 | L50: =+IF(AND(CALCULO!L47<>"", CALCULO!L47>0), CALCULO!L47, 0) -> 0 | M50: =+IF(AND(CALCULO!M47<>"", CALCULO!M47>0), CALCULO!M47, 0) -> 0 | N50: =+IF(AND(CALCULO!N47<>"", CALCULO!N47>0), CALCULO!N47, 0) -> 0 | O50: =+IF(AND(CALCULO!O47<>"", CALCULO!O47>0), CALCULO!O47, 0) -> 0 | P50: =+IF(AND(CALCULO!P47<>"", CALCULO!P47>0), CALCULO!P47, 0) -> 0 | Q50: =+IF(AND(CALCULO!Q47<>"", CALCULO!Q47>0), CALCULO!Q47, 0) -> 0 | R50: =+IF(AND(CALCULO!R47<>"", CALCULO!R47>0), CALCULO!R47, 0) -> 0 | S50: =+IF(AND(CALCULO!S47<>"", CALCULO!S47>0), CALCULO!S47, 0) -> 0 | ... AQ50: =+IF(AND(CALCULO!AQ47<>"", CALCULO!AQ47>0), CALCULO!AQ47, 0) -> 0 | AR50: =+IF(AND(CALCULO!AT47<>"", CALCULO!AT47>0), CALCULO!AT47, 0) -> 0 | AS50: =+IF(AND(CALCULO!AU47<>"", CALCULO!AU47>0), CALCULO!AU47, 0) -> 0 | AT50: =+IF(AND(CALCULO!AR47<>"", CALCULO!AR47>0), CALCULO!AR47, 0) -> 0 | AU50: =+IF(AND(CALCULO!AS47<>"", CALCULO!AS47>0), CALCULO!AS47, 0) -> 0 | AV50: =+IF(AND(CALCULO!AW47<>"", CALCULO!AW47>0), CALCULO!AW47, 0) -> 0 | AW50: =+IF(AND(CALCULO!AX47<>"", CALCULO!AX47>0), CALCULO!AX47, 0) -> 0 | BE50: =+IF(AND(CALCULO!AV47<>"", CALCULO!AV47>0), CALCULO!AV47, "0") -> 0
A51: EPILEPSIA | C51: =+SUM(F51:AM51) -> 0 | E51: =+IF(AND(CALCULO!E48<>"", CALCULO!E48>0), CALCULO!E48, "") | F51: =+IF(AND(CALCULO!F48<>"", CALCULO!F48>0), CALCULO!F48, 0) -> 0 | G51: =+IF(AND(CALCULO!G48<>"", CALCULO!G48>0), CALCULO!G48, 0) -> 0 | H51: =+IF(AND(CALCULO!H48<>"", CALCULO!H48>0), CALCULO!H48, 0) -> 0 | I51: =+IF(AND(CALCULO!I48<>"", CALCULO!I48>0), CALCULO!I48, 0) -> 0 | J51: =+IF(AND(CALCULO!J48<>"", CALCULO!J48>0), CALCULO!J48, 0) -> 0 | K51: =+IF(AND(CALCULO!K48<>"",CALCULO!K48>0),CALCULO!K48,0) -> 0 | L51: =+IF(AND(CALCULO!L48<>"", CALCULO!L48>0), CALCULO!L48, 0) -> 0 | M51: =+IF(AND(CALCULO!M48<>"", CALCULO!M48>0), CALCULO!M48, 0) -> 0 | N51: =+IF(AND(CALCULO!N48<>"", CALCULO!N48>0), CALCULO!N48, 0) -> 0 | O51: =+IF(AND(CALCULO!O48<>"", CALCULO!O48>0), CALCULO!O48, 0) -> 0 | P51: =+IF(AND(CALCULO!P48<>"", CALCULO!P48>0), CALCULO!P48, 0) -> 0 | Q51: =+IF(AND(CALCULO!Q48<>"", CALCULO!Q48>0), CALCULO!Q48, 0) -> 0 | R51: =+IF(AND(CALCULO!R48<>"", CALCULO!R48>0), CALCULO!R48, 0) -> 0 | S51: =+IF(AND(CALCULO!S48<>"", CALCULO!S48>0), CALCULO!S48, 0) -> 0 | ... AQ51: =+IF(AND(CALCULO!AQ48<>"", CALCULO!AQ48>0), CALCULO!AQ48, 0) -> 0 | AR51: =+IF(AND(CALCULO!AT48<>"", CALCULO!AT48>0), CALCULO!AT48, 0) -> 0 | AS51: =+IF(AND(CALCULO!AU48<>"", CALCULO!AU48>0), CALCULO!AU48, 0) -> 0 | AT51: =+IF(AND(CALCULO!AR48<>"", CALCULO!AR48>0), CALCULO!AR48, 0) -> 0 | AU51: =+IF(AND(CALCULO!AS48<>"", CALCULO!AS48>0), CALCULO!AS48, 0) -> 0 | AV51: =+IF(AND(CALCULO!AW48<>"", CALCULO!AW48>0), CALCULO!AW48, 0) -> 0 | AW51: =+IF(AND(CALCULO!AX48<>"", CALCULO!AX48>0), CALCULO!AX48, 0) -> 0 | BE51: =+IF(AND(CALCULO!AV48<>"", CALCULO!AV48>0), CALCULO!AV48, "0") -> 0
A52: OTRAS | C52: =+SUM(F52:AM52) -> 63 | E52: =+IF(AND(CALCULO!E49<>"", CALCULO!E49>0), CALCULO!E49, "") -> 46 | F52: =+IF(AND(CALCULO!F49<>"", CALCULO!F49>0), CALCULO!F49, 0) -> 0 | G52: =+IF(AND(CALCULO!G49<>"", CALCULO!G49>0), CALCULO!G49, 0) -> 0 | H52: =+IF(AND(CALCULO!H49<>"", CALCULO!H49>0), CALCULO!H49, 0) -> 0 | I52: =+IF(AND(CALCULO!I49<>"", CALCULO!I49>0), CALCULO!I49, 0) -> 0 | J52: =+IF(AND(CALCULO!J49<>"", CALCULO!J49>0), CALCULO!J49, 0) -> 1 | K52: =+IF(AND(CALCULO!K49<>"",CALCULO!K49>0),CALCULO!K49,0) -> 0 | L52: =+IF(AND(CALCULO!L49<>"", CALCULO!L49>0), CALCULO!L49, 0) -> 0 | M52: =+IF(AND(CALCULO!M49<>"", CALCULO!M49>0), CALCULO!M49, 0) -> 3 | N52: =+IF(AND(CALCULO!N49<>"", CALCULO!N49>0), CALCULO!N49, 0) -> 1 | O52: =+IF(AND(CALCULO!O49<>"", CALCULO!O49>0), CALCULO!O49, 0) -> 0 | P52: =+IF(AND(CALCULO!P49<>"", CALCULO!P49>0), CALCULO!P49, 0) -> 2 | Q52: =+IF(AND(CALCULO!Q49<>"", CALCULO!Q49>0), CALCULO!Q49, 0) -> 6 | R52: =+IF(AND(CALCULO!R49<>"", CALCULO!R49>0), CALCULO!R49, 0) -> 0 | S52: =+IF(AND(CALCULO!S49<>"", CALCULO!S49>0), CALCULO!S49, 0) -> 3 | ... AQ52: =+IF(AND(CALCULO!AQ49<>"", CALCULO!AQ49>0), CALCULO!AQ49, 0) -> 1 | AR52: =+IF(AND(CALCULO!AT49<>"", CALCULO!AT49>0), CALCULO!AT49, 0) -> 0 | AS52: =+IF(AND(CALCULO!AU49<>"", CALCULO!AU49>0), CALCULO!AU49, 0) -> 0 | AT52: =+IF(AND(CALCULO!AR49<>"", CALCULO!AR49>0), CALCULO!AR49, 0) -> 0 | AU52: =+IF(AND(CALCULO!AS49<>"", CALCULO!AS49>0), CALCULO!AS49, 0) -> 0 | AV52: =+IF(AND(CALCULO!AW49<>"", CALCULO!AW49>0), CALCULO!AW49, 0) -> 2 | AW52: =+IF(AND(CALCULO!AX49<>"", CALCULO!AX49>0), CALCULO!AX49, 0) -> 0 | BE52: =+IF(AND(CALCULO!AV49<>"", CALCULO!AV49>0), CALCULO!AV49, "0") -> 0

Sheet EGRESOS
A1: BLANKSPACE PORQUE FORMATO | BB1: ACCESORIAS
C2: MOTIVO DE EGRESO | E2: TOTAL | H2: 0 - 4 años | J2: 5 - 9 años | L2: 10 - 14 años | N2: 15 - 19 años | P2: 20 - 24 años | R2: 25 - 29 años | T2: 30 - 34 años | V2: 35 - 39 años | X2: 40 - 44 años | Z2: 45 - 49 años | AB2: 50 - 54 años | AD2: 55 - 59 años | AF2: 60 - 64 años | AH2: 65 - 69 años | AJ2: 70 - 74 años | AL2: 75 - 79 años | AN2: 80 y más años | AP2: EGRESOS | AS2: Gestantes | AT2: Madre de hijo menor de 5 años | AU2: Pueblos Originarios | AW2: Niños, Niñas, Adolescentes y Jóvenes SENAME | AX2: Niños, Niñas, Adolescentes y Jóvenes Mejor Niñez | AY2: Migrantes | AZ2: TRANS Masculino/ Femenino | BB2: Migrantes | BD2: Niños, Niñas, Adolescentes y Jóvenes SENAME | BE2: Niños, Niñas, Adolescentes y Jóvenes Mejor Niñez | BF2: Plan Cuidado Integral Elaborado | BG2: TRANS
E3: Ambos Sexos | F3: Hombres | G3: Mujeres | H3: Hombres | I3: Mujeres | J3: Hombres | K3: Mujeres | L3: Hombres | M3: Mujeres | N3: Hombres | O3: Mujeres | P3: Hombres | Q3: Mujeres | R3: Hombres | S3: Mujeres | T3: Hombres | U3: Mujeres | V3: Hombres | W3: Mujeres | X3: Hombres | Y3: Mujeres | Z3: Hombres | AA3: Mujeres | AB3: Hombres | AC3: Mujeres | AD3: Hombres | AE3: Mujeres | AF3: Hombres | AG3: Mujeres | AH3: Hombres | AI3: Mujeres | AJ3: Hombres | AK3: Mujeres | AL3: Hombres | AM3: Mujeres | AN3: Hombres | AO3: Mujeres | AP3: Abandono | AQ3: Fallecimiento | AR3: Traslado o Derivación | AU3: Hombres | AV3: Mujeres
C4: EGRESOS DEL PROGRAMA | E4: =+SUM(H4:AO4) -> 83 | F4: =IF(AND(CALCULO!D4<>"", CALCULO!D4<0), CALCULO!D4 * -1, "") -> 27 | G4: =IF(AND(CALCULO!E4<>"", CALCULO!E4<0), CALCULO!E4 * -1, "") | H4: =IF(AND(CALCULO!F4<>"", CALCULO!F4<0), CALCULO!F4 * -1, 0) -> 0 | I4: =IF(AND(CALCULO!G4<>"", CALCULO!G4<0), CALCULO!G4 * -1, 0) -> 0 | J4: =IF(AND(CALCULO!H4<>"", CALCULO!H4<0), CALCULO!H4 * -1, 0) -> 0 | K4: =IF(AND(CALCULO!I4<>"", CALCULO!I4<0), CALCULO!I4 * -1, 0) -> 1 | L4: =IF(AND(CALCULO!J4<>"", CALCULO!J4<0), CALCULO!J4 * -1, 0) -> 4 | M4: =IF(AND(CALCULO!K4<>"", CALCULO!K4<0), CALCULO!K4 * -1, 0) -> 4 | N4: =IF(AND(CALCULO!L4<>"", CALCULO!L4<0), CALCULO!L4 * -1, 0) -> 6 | O4: =IF(AND(CALCULO!M4<>"", CALCULO!M4<0), CALCULO!M4 * -1, 0) -> 0 | ... AO4: =IF(AND(CALCULO!AM4<>"", CALCULO!AM4<0), CALCULO!AM4 * -1, 0) -> 2 | AP4: =+SUM(AP6:AP15) -> 4 | AQ4: =+SUM(AQ6:AQ15) -> 0 | AR4: =+SUM(AR6:AR15) -> 0 | AS4: =IF(AND(CALCULO!AN4<>"", CALCULO!AN4<0), CALCULO!AN4 * -1, 0) -> 0 | AT4: =IF(AND(CALCULO!AO4<>"", CALCULO!AO4<0), CALCULO!AO4 * -1, 0) -> 0 | AU4: =IF(AND(CALCULO!AP4<>"", CALCULO!AP4<0), CALCULO!AP4 * -1, 0) -> 8 | AV4: =IF(AND(CALCULO!AQ4<>"", CALCULO!AQ4<0), CALCULO!AQ4 * -1, 0) -> 0 | AW4: =IF(AND(CALCULO!AT4<>"", CALCULO!AT4<0), CALCULO!AT4 * -1, 0) -> 2 | AX4: =IF(AND(CALCULO!AU4<>"", CALCULO!AU4<0), CALCULO!AU4 * -1, 0) -> 6 | AY4: =+BB5+BC5 -> 6 | AZ4: =+BG5+BH5 -> 3 | BB4: Hombres | BC4: Mujeres | BG4: Masculino | BH4: Femenino
C5: FACTORES DE RIESGO Y CONDICIONANTES DE LA SALUD MENTAL | E5: =+SUM(H5:AO5) -> 0 | F5: =IF(AND(CALCULO!D5<>"", CALCULO!D5<0), CALCULO!D5 * -1, "") | G5: =IF(AND(CALCULO!E5<>"", CALCULO!E5<0), CALCULO!E5 * -1, "") | H5: =IF(AND(CALCULO!F5<>"", CALCULO!F5<0), CALCULO!F5 * -1, 0) -> 0 | I5: =IF(AND(CALCULO!G5<>"", CALCULO!G5<0), CALCULO!G5 * -1, 0) -> 0 | J5: =IF(AND(CALCULO!H5<>"", CALCULO!H5<0), CALCULO!H5 * -1, 0) -> 0 | K5: =IF(AND(CALCULO!I5<>"", CALCULO!I5<0), CALCULO!I5 * -1, 0) -> 0 | L5: =IF(AND(CALCULO!J5<>"", CALCULO!J5<0), CALCULO!J5 * -1, 0) -> 0 | M5: =IF(AND(CALCULO!K5<>"", CALCULO!K5<0), CALCULO!K5 * -1, 0) -> 0 | N5: =IF(AND(CALCULO!L5<>"", CALCULO!L5<0), CALCULO!L5 * -1, 0) -> 0 | O5: =IF(AND(CALCULO!M5<>"", CALCULO!M5<0), CALCULO!M5 * -1, 0) -> 0 | ... AO5: =IF(AND(CALCULO!AM5<>"", CALCULO!AM5<0), CALCULO!AM5 * -1, 0) -> 0 | AS5: =IF(AND(CALCULO!AN5<>"", CALCULO!AN5<0), CALCULO!AN5 * -1, 0) -> 0 | AT5: =IF(AND(CALCULO!AO5<>"", CALCULO!AO5<0), CALCULO!AO5 * -1, 0) -> 0 | AU5: =IF(AND(CALCULO!AP5<>"", CALCULO!AP5<0), CALCULO!AP5 * -1, 0) -> 0 | AV5: =IF(AND(CALCULO!AQ5<>"", CALCULO!AQ5<0), CALCULO!AQ5 * -1, 0) -> 0 | AW5: =IF(AND(CALCULO!AT5<>"", CALCULO!AT5<0), CALCULO!AT5 * -1, 0) -> 0 | AX5: =IF(AND(CALCULO!AU5<>"", CALCULO!AU5<0), CALCULO!AU5 * -1, 0) -> 0 | AY5: =+BB6+BC6 -> 0 | AZ5: =+BG6+BH6 -> 0 | BB5: =IF(AND(CALCULO!AR4<>"", CALCULO!AR4<0), CALCULO!AR4 * -1, 0) -> 2 | BC5: =IF(AND(CALCULO!AS4<>"", CALCULO!AS4<0), CALCULO!AS4 * -1, 0) -> 4 | BG5: =IF(AND(CALCULO!AW4<>"", CALCULO!AW4<0), CALCULO!WP4 * -1, 0) -> 0 | BH5: =IF(AND(CALCULO!AX4<>"", CALCULO!AX4<0), CALCULO!AX4 * -1, 0) -> 3
C6: VIOLENCIA | D6: VICTIMA | E6: =+SUM(H6:AO6) -> 0 | F6: =+SUM(I6:AS6) -> 0 | G6: =+SUM(J6:AT6) -> 0 | H6: =IF(AND(CALCULO!F6<>"", CALCULO!F6<0), CALCULO!F6 * -1, 0) -> 0 | I6: =IF(AND(CALCULO!G6<>"", CALCULO!G6<0), CALCULO!G6 * -1, 0) -> 0 | J6: =IF(AND(CALCULO!H6<>"", CALCULO!H6<0), CALCULO!H6 * -1, 0) -> 0 | K6: =IF(AND(CALCULO!I6<>"", CALCULO!I6<0), CALCULO!I6 * -1, 0) -> 0 | L6: =IF(AND(CALCULO!J6<>"", CALCULO!J6<0), CALCULO!J6 * -1, 0) -> 0 | M6: =IF(AND(CALCULO!K6<>"", CALCULO!K6<0), CALCULO!K6 * -1, 0) -> 0 | N6: =IF(AND(CALCULO!L6<>"", CALCULO!L6<0), CALCULO!L6 * -1, 0) -> 0 | O6: =IF(AND(CALCULO!M6<>"", CALCULO!M6<0), CALCULO!M6 * -1, 0) -> 0 | ... AO6: =IF(AND(CALCULO!AM6<>"", CALCULO!AM6<0), CALCULO!AM6 * -1, 0) -> 0 | AP6: =+E6-(ALTAS!C6+AQ6+AR6) -> 0 | AQ6: =+ALTAS!D6 -> 0 | AR6: =+ALTAS!E6 -> 0 | AS6: =IF(AND(CALCULO!AN6<>"", CALCULO!AN6<0), CALCULO!AN6 * -1, 0) -> 0 | AT6: =IF(AND(CALCULO!AO6<>"", CALCULO!AO6<0), CALCULO!AO6 * -1, 0) -> 0 | AU6: =IF(AND(CALCULO!AP6<>"", CALCULO!AP6<0), CALCULO!AP6 * -1, 0) -> 0 | AV6: =IF(AND(CALCULO!AQ6<>"", CALCULO!AQ6<0), CALCULO!AQ6 * -1, 0) -> 0 | AW6: =IF(AND(CALCULO!AT6<>"", CALCULO!AT6<0), CALCULO!AT6 * -1, 0) -> 0 | AX6: =IF(AND(CALCULO!AU6<>"", CALCULO!AU6<0), CALCULO!AU6 * -1, 0) -> 0 | AY6: =+BB7+BC7 -> 0 | AZ6: =+BG7+BH7 -> 0 | BB6: =IF(AND(CALCULO!AR5<>"", CALCULO!AR5<0), CALCULO!AR5 * -1, 0) -> 0 | BC6: =IF(AND(CALCULO!AS5<>"", CALCULO!AS5<0), CALCULO!AS5 * -1, 0) -> 0 | BG6: =IF(AND(CALCULO!AW5<>"", CALCULO!AW5<0), CALCULO!WP5 * -1, 0) -> 0 | BH6: =IF(AND(CALCULO!AX5<>"", CALCULO!AX5<0), CALCULO!AX5 * -1, 0) -> 0
D7: AGRESOR/A | E7: =+SUM(H7:AO7) -> 0 | F7: =+SUM(I7:AS7) -> 0 | G7: =+SUM(J7:AT7) -> 0 | H7: =IF(AND(CALCULO!F7<>"", CALCULO!F7<0), CALCULO!F7 * -1, 0) -> 0 | I7: =IF(AND(CALCULO!G7<>"", CALCULO!G7<0), CALCULO!G7 * -1, 0) -> 0 | J7: =IF(AND(CALCULO!H7<>"", CALCULO!H7<0), CALCULO!H7 * -1, 0) -> 0 | K7: =IF(AND(CALCULO!I7<>"", CALCULO!I7<0), CALCULO!I7 * -1, 0) -> 0 | L7: =IF(AND(CALCULO!J7<>"", CALCULO!J7<0), CALCULO!J7 * -1, 0) -> 0 | M7: =IF(AND(CALCULO!K7<>"", CALCULO!K7<0), CALCULO!K7 * -1, 0) -> 0 | N7: =IF(AND(CALCULO!L7<>"", CALCULO!L7<0), CALCULO!L7 * -1, 0) -> 0 | O7: =IF(AND(CALCULO!M7<>"", CALCULO!M7<0), CALCULO!M7 * -1, 0) -> 0 | ... AO7: =IF(AND(CALCULO!AM7<>"", CALCULO!AM7<0), CALCULO!AM7 * -1, 0) -> 0 | AP7: =+E7-(ALTAS!C7+AQ7+AR7) -> 0 | AQ7: =+ALTAS!D7 -> 0 | AR7: =+ALTAS!E7 -> 0 | AS7: =IF(AND(CALCULO!AN7<>"", CALCULO!AN7<0), CALCULO!AN7 * -1, 0) -> 0 | AT7: =IF(AND(CALCULO!AO7<>"", CALCULO!AO7<0), CALCULO!AO7 * -1, 0) -> 0 | AU7: =IF(AND(CALCULO!AP7<>"", CALCULO!AP7<0), CALCULO!AP7 * -1, 0) -> 0 | AV7: =IF(AND(CALCULO!AQ7<>"", CALCULO!AQ7<0), CALCULO!AQ7 * -1, 0) -> 0 | AW7: =IF(AND(CALCULO!AT7<>"", CALCULO!AT7<0), CALCULO!AT7 * -1, 0) -> 0 | AX7: =IF(AND(CALCULO!AU7<>"", CALCULO!AU7<0), CALCULO!AU7 * -1, 0) -> 0 | AY7: =+BB8+BC8 -> 0 | AZ7: =+BG8+BH8 -> 0 | BB7: =IF(AND(CALCULO!AR6<>"", CALCULO!AR6<0), CALCULO!AR6 * -1, 0) -> 0 | BC7: =IF(AND(CALCULO!AS6<>"", CALCULO!AS6<0), CALCULO!AS6 * -1, 0) -> 0 | BG7: =IF(AND(CALCULO!AW6<>"", CALCULO!AW6<0), CALCULO!WP6 * -1, 0) -> 0 | BH7: =IF(AND(CALCULO!AX6<>"", CALCULO!AX6<0), CALCULO!AX6 * -1, 0) -> 0
E8: =+SUM(H8:AO8) -> 0 | F8: =+SUM(I8:AS8) -> 0 | G8: =+SUM(J8:AT8) -> 0 | H8: =IF(AND(CALCULO!F8<>"", CALCULO!F8<0), CALCULO!F8 * -1, 0) -> 0 | I8: =IF(AND(CALCULO!G8<>"", CALCULO!G8<0), CALCULO!G8 * -1, 0) -> 0 | J8: =IF(AND(CALCULO!H8<>"", CALCULO!H8<0), CALCULO!H8 * -1, 0) -> 0 | K8: =IF(AND(CALCULO!I8<>"", CALCULO!I8<0), CALCULO!I8 * -1, 0) -> 0 | L8: =IF(AND(CALCULO!J8<>"", CALCULO!J8<0), CALCULO!J8 * -1, 0) -> 0 | M8: =IF(AND(CALCULO!K8<>"", CALCULO!K8<0), CALCULO!K8 * -1, 0) -> 0 | N8: =IF(AND(CALCULO!L8<>"", CALCULO!L8<0), CALCULO!L8 * -1, 0) -> 0 | O8: =IF(AND(CALCULO!M8<>"", CALCULO!M8<0), CALCULO!M8 * -1, 0) -> 0 | ... AO8: =IF(AND(CALCULO!AM8<>"", CALCULO!AM8<0), CALCULO!AM8 * -1, 0) -> 0 | AP8: =+E8-(ALTAS!C8+AQ8+AR8) -> 0 | AQ8: =+ALTAS!D8 -> 0 | AR8: =+ALTAS!E8 -> 0 | AS8: =IF(AND(CALCULO!AN8<>"", CALCULO!AN8<0), CALCULO!AN8 * -1, 0) -> 0 | AT8: =IF(AND(CALCULO!AO8<>"", CALCULO!AO8<0), CALCULO!AO8 * -1, 0) -> 0 | AU8: =IF(AND(CALCULO!AP8<>"", CALCULO!AP8<0), CALCULO!AP8 * -1, 0) -> 0 | AV8: =IF(AND(CALCULO!AQ8<>"", CALCULO!AQ8<0), CALCULO!AQ8 * -1, 0) -> 0 | AW8: =IF(AND(CALCULO!AT8<>"", CALCULO!AT8<0), CALCULO!AT8 * -1, 0) -> 0 | AX8: =IF(AND(CALCULO!AU8<>"", CALCULO!AU8<0), CALCULO!AU8 * -1, 0) -> 0 | AY8: =+BB9+BC9 -> 0 | AZ8: =+BG9+BH9 -> 0 | BG8: =IF(AND(CALCULO!AW7<>"", CALCULO!AW7<0), CALCULO!WP7 * -1, 0) -> 0 | BH8: =IF(AND(CALCULO!AX7<>"", CALCULO!AX7<0), CALCULO!AX7 * -1, 0) -> 0
E9: =+SUM(H9:AO9) -> 0 | F9: =+SUM(I9:AS9) -> 0 | G9: =+SUM(J9:AT9) -> 0 | H9: =IF(AND(CALCULO!F9<>"", CALCULO!F9<0), CALCULO!F9 * -1, 0) -> 0 | I9: =IF(AND(CALCULO!G9<>"", CALCULO!G9<0), CALCULO!G9 * -1, 0) -> 0 | J9: =IF(AND(CALCULO!H9<>"", CALCULO!H9<0), CALCULO!H9 * -1, 0) -> 0 | K9: =IF(AND(CALCULO!I9<>"", CALCULO!I9<0), CALCULO!I9 * -1, 0) -> 0 | L9: =IF(AND(CALCULO!J9<>"", CALCULO!J9<0), CALCULO!J9 * -1, 0) -> 0 | M9: =IF(AND(CALCULO!K9<>"", CALCULO!K9<0), CALCULO!K9 * -1, 0) -> 0 | N9: =IF(AND(CALCULO!L9<>"", CALCULO!L9<0), CALCULO!L9 * -1, 0) -> 0 | O9: =IF(AND(CALCULO!M9<>"", CALCULO!M9<0), CALCULO!M9 * -1, 0) -> 0 | ... AO9: =IF(AND(CALCULO!AM9<>"", CALCULO!AM9<0), CALCULO!AM9 * -1, 0) -> 0 | AP9: =+E9-(ALTAS!C9+AQ9+AR9) -> 0 | AQ9: =+ALTAS!D9 -> 0 | AR9: =+ALTAS!E9 -> 0 | AS9: =IF(AND(CALCULO!AN9<>"", CALCULO!AN9<0), CALCULO!AN9 * -1, 0) -> 0 | AT9: =IF(AND(CALCULO!AO9<>"", CALCULO!AO9<0), CALCULO!AO9 * -1, 0) -> 0 | AU9: =IF(AND(CALCULO!AP9<>"", CALCULO!AP9<0), CALCULO!AP9 * -1, 0) -> 0 | AV9: =IF(AND(CALCULO!AQ9<>"", CALCULO!AQ9<0), CALCULO!AQ9 * -1, 0) -> 0 | AW9: =IF(AND(CALCULO!AT9<>"", CALCULO!AT9<0), CALCULO!AT9 * -1, 0) -> 0 | AX9: =IF(AND(CALCULO!AU9<>"", CALCULO!AU9<0), CALCULO!AU9 * -1, 0) -> 0 | AY9: =+BB10+BC10 -> 0 | AZ9: =+BG10+BH10 -> 0 | BG9: =IF(AND(CALCULO!AW8<>"", CALCULO!AW8<0), CALCULO!WP8 * -1, 0) -> 0 | BH9: =IF(AND(CALCULO!AX8<>"", CALCULO!AX8<0), CALCULO!AX8 * -1, 0) -> 0
E10: =+SUM(H10:AO10) -> 0 | F10: =+SUM(I10:AS10) -> 0 | G10: =+SUM(J10:AT10) -> 0 | H10: =IF(AND(CALCULO!F10<>"", CALCULO!F10<0), CALCULO!F10 * -1, 0) -> 0 | I10: =IF(AND(CALCULO!G10<>"", CALCULO!G10<0), CALCULO!G10 * -1, 0) -> 0 | J10: =IF(AND(CALCULO!H10<>"", CALCULO!H10<0), CALCULO!H10 * -1, 0) -> 0 | K10: =IF(AND(CALCULO!I10<>"", CALCULO!I10<0), CALCULO!I10 * -1, 0) -> 0 | L10: =IF(AND(CALCULO!J10<>"", CALCULO!J10<0), CALCULO!J10 * -1, 0) -> 0 | M10: =IF(AND(CALCULO!K10<>"", CALCULO!K10<0), CALCULO!K10 * -1, 0) -> 0 | N10: =IF(AND(CALCULO!L10<>"", CALCULO!L10<0), CALCULO!L10 * -1, 0) -> 0 | O10: =IF(AND(CALCULO!M10<>"", CALCULO!M10<0), CALCULO!M10 * -1, 0) -> 0 | ... AO10: =IF(AND(CALCULO!AM10<>"", CALCULO!AM10<0), CALCULO!AM10 * -1, 0) -> 0 | AP10: =+E10-(ALTAS!C10+AQ10+AR10) -> 0 | AQ10: =+ALTAS!D10 -> 0 | AR10: =+ALTAS!E10 -> 0 | AS10: =IF(AND(CALCULO!AN10<>"", CALCULO!AN10<0), CALCULO!AN10 * -1, 0) -> 0 | AT10: =IF(AND(CALCULO!AO10<>"", CALCULO!AO10<0), CALCULO!AO10 * -1, 0) -> 0 | AU10: =IF(AND(CALCULO!AP10<>"", CALCULO!AP10<0), CALCULO!AP10 * -1, 0) -> 0 | AV10: =IF(AND(CALCULO!AQ10<>"", CALCULO!AQ10<0), CALCULO!AQ10 * -1, 0) -> 0 | AW10: =IF(AND(CALCULO!AT10<>"", CALCULO!AT10<0), CALCULO!AT10 * -1, 0) -> 0 | AX10: =IF(AND(CALCULO!AU10<>"", CALCULO!AU10<0), CALCULO!AU10 * -1, 0) -> 0 | AY10: =+BB11+BC11 -> 0 | AZ10: =+BG11+BH11 -> 0 | BG10: =IF(AND(CALCULO!AW9<>"", CALCULO!AW9<0), CALCULO!WP9 * -1, 0) -> 0 | BH10: =IF(AND(CALCULO!AX9<>"", CALCULO!AX9<0), CALCULO!AX9 * -1, 0) -> 0
E11: =+SUM(H11:AO11) -> 0 | F11: =+SUM(I11:AS11) -> 0 | G11: =+SUM(J11:AT11) -> 0 | H11: =IF(AND(CALCULO!F11<>"", CALCULO!F11<0), CALCULO!F11 * -1, 0) -> 0 | I11: =IF(AND(CALCULO!G11<>"", CALCULO!G11<0), CALCULO!G11 * -1, 0) -> 0 | J11: =IF(AND(CALCULO!H11<>"", CALCULO!H11<0), CALCULO!H11 * -1, 0) -> 0 | K11: =IF(AND(CALCULO!I11<>"", CALCULO!I11<0), CALCULO!I11 * -1, 0) -> 0 | L11: =IF(AND(CALCULO!J11<>"", CALCULO!J11<0), CALCULO!J11 * -1, 0) -> 0 | M11: =IF(AND(CALCULO!K11<>"", CALCULO!K11<0), CALCULO!K11 * -1, 0) -> 0 | N11: =IF(AND(CALCULO!L11<>"", CALCULO!L11<0), CALCULO!L11 * -1, 0) -> 0 | O11: =IF(AND(CALCULO!M11<>"", CALCULO!M11<0), CALCULO!M11 * -1, 0) -> 0 | ... AO11: =IF(AND(CALCULO!AM11<>"", CALCULO!AM11<0), CALCULO!AM11 * -1, 0) -> 0 | AP11: =+E11-(ALTAS!C11+AQ11+AR11) -> 0 | AQ11: =+ALTAS!D11 -> 0 | AR11: =+ALTAS!E11 -> 0 | AS11: =IF(AND(CALCULO!AN11<>"", CALCULO!AN11<0), CALCULO!AN11 * -1, 0) -> 0 | AT11: =IF(AND(CALCULO!AO11<>"", CALCULO!AO11<0), CALCULO!AO11 * -1, 0) -> 0 | AU11: =IF(AND(CALCULO!AP11<>"", CALCULO!AP11<0), CALCULO!AP11 * -1, 0) -> 0 | AV11: =IF(AND(CALCULO!AQ11<>"", CALCULO!AQ11<0), CALCULO!AQ11 * -1, 0) -> 0 | AW11: =IF(AND(CALCULO!AT11<>"", CALCULO!AT11<0), CALCULO!AT11 * -1, 0) -> 0 | AX11: =IF(AND(CALCULO!AU11<>"", CALCULO!AU11<0), CALCULO!AU11 * -1, 0) -> 0 | AY11: =+BB12+BC12 -> 0 | AZ11: =+BG12+BH12 -> 0 | BG11: =IF(AND(CALCULO!AW10<>"", CALCULO!AW10<0), CALCULO!WP10 * -1, 0) -> 0 | BH11: =IF(AND(CALCULO!AX10<>"", CALCULO!AX10<0), CALCULO!AX10 * -1, 0) -> 0
C12: ABUSO SEXUAL | E12: =+SUM(H12:AO12) -> 0 | F12: =IF(AND(CALCULO!D12<>"", CALCULO!D12<0), CALCULO!D12 * -1, "") | G12: =IF(AND(CALCULO!E12<>"", CALCULO!E12<0), CALCULO!E12 * -1, "") | H12: =IF(AND(CALCULO!F12<>"", CALCULO!F12<0), CALCULO!F12 * -1, 0) -> 0 | I12: =IF(AND(CALCULO!G12<>"", CALCULO!G12<0), CALCULO!G12 * -1, 0) -> 0 | J12: =IF(AND(CALCULO!H12<>"", CALCULO!H12<0), CALCULO!H12 * -1, 0) -> 0 | K12: =IF(AND(CALCULO!I12<>"", CALCULO!I12<0), CALCULO!I12 * -1, 0) -> 0 | L12: =IF(AND(CALCULO!J12<>"", CALCULO!J12<0), CALCULO!J12 * -1, 0) -> 0 | M12: =IF(AND(CALCULO!K12<>"", CALCULO!K12<0), CALCULO!K12 * -1, 0) -> 0 | N12: =IF(AND(CALCULO!L12<>"", CALCULO!L12<0), CALCULO!L12 * -1, 0) -> 0 | O12: =IF(AND(CALCULO!M12<>"", CALCULO!M12<0), CALCULO!M12 * -1, 0) -> 0 | ... AO12: =IF(AND(CALCULO!AM12<>"", CALCULO!AM12<0), CALCULO!AM12 * -1, 0) -> 0 | AP12: =+E12-(ALTAS!C12+AQ12+AR12) -> 0 | AQ12: =+ALTAS!D12 -> 0 | AR12: =+ALTAS!E12 -> 0 | AS12: =IF(AND(CALCULO!AN12<>"", CALCULO!AN12<0), CALCULO!AN12 * -1, 0) -> 0 | AT12: =IF(AND(CALCULO!AO12<>"", CALCULO!AO12<0), CALCULO!AO12 * -1, 0) -> 0 | AU12: =IF(AND(CALCULO!AP12<>"", CALCULO!AP12<0), CALCULO!AP12 * -1, 0) -> 0 | AV12: =IF(AND(CALCULO!AN12<>"", CALCULO!AN12<0), CALCULO!AN12 * -1, 0) -> 0 | AW12: =IF(AND(CALCULO!AT12<>"", CALCULO!AT12<0), CALCULO!AT12 * -1, 0) -> 0 | AX12: =IF(AND(CALCULO!AU12<>"", CALCULO!AU12<0), CALCULO!AU12 * -1, 0) -> 0 | AY12: =+BB13+BC13 -> 0 | AZ12: =+BG13+BH13 -> 0 | BB12: =IF(AND(CALCULO!AR7<>"", CALCULO!AR7<0), CALCULO!AR7 * -1, 0) -> 0 | BC12: =IF(AND(CALCULO!AS7<>"", CALCULO!AS7<0), CALCULO!AS7 * -1, 0) -> 0 | BG12: =IF(AND(CALCULO!AW11<>"", CALCULO!AW11<0), CALCULO!WP11 * -1, 0) -> 0 | BH12: =IF(AND(CALCULO!AX11<>"", CALCULO!AX11<0), CALCULO!AX11 * -1, 0) -> 0
C13: SUICIDIO | D13: IDEACIÓN | E13: =+SUM(H13:AO13) -> 2 | F13: =IF(AND(CALCULO!D13<>"", CALCULO!D13<0), CALCULO!D13 * -1, "") -> 1 | G13: =IF(AND(CALCULO!E13<>"", CALCULO!E13<0), CALCULO!E13 * -1, "") -> 1 | H13: =IF(AND(CALCULO!F13<>"", CALCULO!F13<0), CALCULO!F13 * -1, 0) -> 0 | I13: =IF(AND(CALCULO!G13<>"", CALCULO!G13<0), CALCULO!G13 * -1, 0) -> 0 | J13: =IF(AND(CALCULO!H13<>"", CALCULO!H13<0), CALCULO!H13 * -1, 0) -> 0 | K13: =IF(AND(CALCULO!I13<>"", CALCULO!I13<0), CALCULO!I13 * -1, 0) -> 0 | L13: =IF(AND(CALCULO!J13<>"", CALCULO!J13<0), CALCULO!J13 * -1, 0) -> 0 | M13: =IF(AND(CALCULO!K13<>"", CALCULO!K13<0), CALCULO!K13 * -1, 0) -> 0 | N13: =IF(AND(CALCULO!L13<>"", CALCULO!L13<0), CALCULO!L13 * -1, 0) -> 0 | O13: =IF(AND(CALCULO!M13<>"", CALCULO!M13<0), CALCULO!M13 * -1, 0) -> 0 | ... AO13: =IF(AND(CALCULO!AM13<>"", CALCULO!AM13<0), CALCULO!AM13 * -1, 0) -> 0 | AP13: =+E13-(ALTAS!C13+AQ13+AR13) -> 2 | AQ13: =+ALTAS!D13 -> 0 | AR13: =+ALTAS!E13 -> 0 | AS13: =IF(AND(CALCULO!AN13<>"", CALCULO!AN13<0), CALCULO!AN13 * -1, 0) -> 0 | AT13: =IF(AND(CALCULO!AO13<>"", CALCULO!AO13<0), CALCULO!AO13 * -1, 0) -> 1 | AU13: =IF(AND(CALCULO!AP13<>"", CALCULO!AP13<0), CALCULO!AP13 * -1, 0) -> 1 | AV13: =IF(AND(CALCULO!AQ13<>"", CALCULO!AQ13<0), CALCULO!AQ13 * -1, 0) -> 0 | AW13: =IF(AND(CALCULO!AT13<>"", CALCULO!AT13<0), CALCULO!AT13 * -1, 0) -> 0 | AX13: =IF(AND(CALCULO!AU13<>"", CALCULO!AU13<0), CALCULO!AU13 * -1, 0) -> 0 | AY13: =+BB14+BC14 -> 0 | AZ13: =+BG14+BH14 -> 0 | BB13: =IF(AND(CALCULO!AR12<>"", CALCULO!AR12<0), CALCULO!AR12 * -1, 0) -> 0 | BC13: =IF(AND(CALCULO!AS12<>"", CALCULO!AS12<0), CALCULO!AS12 * -1, 0) -> 0 | BG13: =IF(AND(CALCULO!AW12<>"", CALCULO!AW12<0), CALCULO!WP12 * -1, 0) -> 0 | BH13: =IF(AND(CALCULO!AX12<>"", CALCULO!AX12<0), CALCULO!AX12 * -1, 0) -> 0
D14: INTENTO | E14: =+SUM(H14:AO14) -> 2 | F14: =IF(AND(CALCULO!D14<>"", CALCULO!D14<0), CALCULO!D14 * -1, "") -> 1 | G14: =IF(AND(CALCULO!E14<>"", CALCULO!E14<0), CALCULO!E14 * -1, "") | H14: =IF(AND(CALCULO!F14<>"", CALCULO!F14<0), CALCULO!F14 * -1, 0) -> 0 | I14: =IF(AND(CALCULO!G14<>"", CALCULO!G14<0), CALCULO!G14 * -1, 0) -> 0 | J14: =IF(AND(CALCULO!H14<>"", CALCULO!H14<0), CALCULO!H14 * -1, 0) -> 0 | K14: =IF(AND(CALCULO!I14<>"", CALCULO!I14<0), CALCULO!I14 * -1, 0) -> 0 | L14: =IF(AND(CALCULO!J14<>"", CALCULO!J14<0), CALCULO!J14 * -1, 0) -> 0 | M14: =IF(AND(CALCULO!K14<>"", CALCULO!K14<0), CALCULO!K14 * -1, 0) -> 0 | N14: =IF(AND(CALCULO!L14<>"", CALCULO!L14<0), CALCULO!L14 * -1, 0) -> 0 | O14: =IF(AND(CALCULO!M14<>"", CALCULO!M14<0), CALCULO!M14 * -1, 0) -> 0 | ... AO14: =IF(AND(CALCULO!AM14<>"", CALCULO!AM14<0), CALCULO!AM14 * -1, 0) -> 0 | AP14: =+E14-(ALTAS!C14+AQ14+AR14) -> 2 | AQ14: =+ALTAS!D14 -> 0 | AR14: =+ALTAS!E14 -> 0 | AS14: =IF(AND(CALCULO!AN14<>"", CALCULO!AN14<0), CALCULO!AN14 * -1, 0) -> 0 | AT14: =IF(AND(CALCULO!AO14<>"", CALCULO!AO14<0), CALCULO!AO14 * -1, 0) -> 2 | AU14: =IF(AND(CALCULO!AP14<>"", CALCULO!AP14<0), CALCULO!AP14 * -1, 0) -> 0 | AV14: =IF(AND(CALCULO!AQ14<>"", CALCULO!AQ14<0), CALCULO!AQ14 * -1, 0) -> 0 | AW14: =IF(AND(CALCULO!AT14<>"", CALCULO!AT14<0), CALCULO!AT14 * -1, 0) -> 0 | AX14: =IF(AND(CALCULO!AU14<>"", CALCULO!AU14<0), CALCULO!AU14 * -1, 0) -> 0 | AY14: =+BB15+BC15 -> 0 | AZ14: =+BG15+BH15 -> 0 | BB14: =IF(AND(CALCULO!AR13<>"", CALCULO!AR13<0), CALCULO!AR13 * -1, 0) -> 0 | BC14: =IF(AND(CALCULO!AS13<>"", CALCULO!AS13<0), CALCULO!AS13 * -1, 0) -> 0 | BG14: =IF(AND(CALCULO!AW13<>"", CALCULO!AW13<0), CALCULO!WP13 * -1, 0) -> 0 | BH14: =IF(AND(CALCULO!AX13<>"", CALCULO!AX13<0), CALCULO!AX13 * -1, 0) -> 0
C15: PERSONAS CON DIAGNOSTICOS DE TRASTORNOS MENTALES | E15: =+SUM(H15:AO15) -> 69 | F15: =IF(AND(CALCULO!D15<>"", CALCULO!D15<0), CALCULO!D15 * -1, "") -> 19 | G15: =IF(AND(CALCULO!E15<>"", CALCULO!E15<0), CALCULO!E15 * -1, "") | H15: =IF(AND(CALCULO!F15<>"", CALCULO!F15<0), CALCULO!F15 * -1, 0) -> 0 | I15: =IF(AND(CALCULO!G15<>"", CALCULO!G15<0), CALCULO!G15 * -1, 0) -> 0 | J15: =IF(AND(CALCULO!H15<>"", CALCULO!H15<0), CALCULO!H15 * -1, 0) -> 0 | K15: =IF(AND(CALCULO!I15<>"", CALCULO!I15<0), CALCULO!I15 * -1, 0) -> 1 | L15: =IF(AND(CALCULO!J15<>"", CALCULO!J15<0), CALCULO!J15 * -1, 0) -> 4 | M15: =IF(AND(CALCULO!K15<>"", CALCULO!K15<0), CALCULO!K15 * -1, 0) -> 2 | N15: =IF(AND(CALCULO!L15<>"", CALCULO!L15<0), CALCULO!L15 * -1, 0) -> 4 | O15: =IF(AND(CALCULO!M15<>"", CALCULO!M15<0), CALCULO!M15 * -1, 0) -> 0 | ... AO15: =IF(AND(CALCULO!AM15<>"", CALCULO!AM15<0), CALCULO!AM15 * -1, 0) -> 2 | AQ15: =+ALTAS!D15 -> 0 | AR15: =+ALTAS!E15 -> 0 | AS15: =IF(AND(CALCULO!AN15<>"", CALCULO!AN15<0), CALCULO!AN15 * -1, 0) -> 0 | AT15: =IF(AND(CALCULO!AO15<>"", CALCULO!AO15<0), CALCULO!AO15 * -1, 0) -> 0 | AU15: =IF(AND(CALCULO!AP15<>"", CALCULO!AP15<0), CALCULO!AP15 * -1, 0) -> 7 | AV15: =IF(AND(CALCULO!AQ15<>"", CALCULO!AQ15<0), CALCULO!AQ15 * -1, 0) -> 0 | AW15: =IF(AND(CALCULO!AT15<>"", CALCULO!AT15<0), CALCULO!AT15 * -1, 0) -> 2 | AX15: =IF(AND(CALCULO!AU15<>"", CALCULO!AU15<0), CALCULO!AU15 * -1, 0) -> 6 | AY15: =+BB16+BC16 -> 3 | AZ15: =+BG16+BH16 -> 2 | BB15: =IF(AND(CALCULO!AR14<>"", CALCULO!AR14<0), CALCULO!AR14 * -1, 0) -> 0 | BC15: =IF(AND(CALCULO!AS14<>"", CALCULO!AS14<0), CALCULO!AS14 * -1, 0) -> 0 | BG15: =IF(AND(CALCULO!AW14<>"", CALCULO!AW14<0), CALCULO!WP14 * -1, 0) -> 0 | BH15: =IF(AND(CALCULO!AX14<>"", CALCULO!AX14<0), CALCULO!AX14 * -1, 0) -> 0
C16: TRASTORNOS DEL HUMOR (AFECTIVOS) | D16: DEPRESIÓN LEVE | E16: =+SUM(H16:AO16) -> 3 | F16: =IF(AND(CALCULO!D16<>"", CALCULO!D16<0), CALCULO!D16 * -1, "") | G16: =IF(AND(CALCULO!E16<>"", CALCULO!E16<0), CALCULO!E16 * -1, "") | H16: =IF(AND(CALCULO!F16<>"", CALCULO!F16<0), CALCULO!F16 * -1, 0) -> 0 | I16: =IF(AND(CALCULO!G16<>"", CALCULO!G16<0), CALCULO!G16 * -1, 0) -> 0 | J16: =IF(AND(CALCULO!H16<>"", CALCULO!H16<0), CALCULO!H16 * -1, 0) -> 0 | K16: =IF(AND(CALCULO!I16<>"", CALCULO!I16<0), CALCULO!I16 * -1, 0) -> 0 | L16: =IF(AND(CALCULO!J16<>"", CALCULO!J16<0), CALCULO!J16 * -1, 0) -> 0 | M16: =IF(AND(CALCULO!K16<>"", CALCULO!K16<0), CALCULO!K16 * -1, 0) -> 0 | N16: =IF(AND(CALCULO!L16<>"", CALCULO!L16<0), CALCULO!L16 * -1, 0) -> 0 | O16: =IF(AND(CALCULO!M16<>"", CALCULO!M16<0), CALCULO!M16 * -1, 0) -> 0 | ... AO16: =IF(AND(CALCULO!AM16<>"", CALCULO!AM16<0), CALCULO!AM16 * -1, 0) -> 1 | AP16: =IF(E16-(ALTAS!C16+AQ16+AR16)>=0,+E16-(ALTAS!C16+AQ16+AR16),"NEGATIVO") -> 0 | AQ16: =+ALTAS!D16 -> 0 | AR16: =+ALTAS!E16 -> 0 | AS16: =IF(AND(CALCULO!AN16<>"", CALCULO!AN16<0), CALCULO!AN16 * -1, 0) -> 1 | AT16: =IF(AND(CALCULO!AO16<>"", CALCULO!AO16<0), CALCULO!AO16 * -1, 0) -> 0 | AU16: =IF(AND(CALCULO!AP16<>"", CALCULO!AP16<0), CALCULO!AP16 * -1, 0) -> 0 | AV16: =IF(AND(CALCULO!AQ16<>"", CALCULO!AQ16<0), CALCULO!AQ16 * -1, 0) -> 0 | AW16: =IF(AND(CALCULO!AT16<>"", CALCULO!AT16<0), CALCULO!AT16 * -1, 0) -> 0 | AX16: =IF(AND(CALCULO!AU16<>"", CALCULO!AU16<0), CALCULO!AU16 * -1, 0) -> 0 | AY16: =+BB17+BC17 -> 0 | AZ16: =+BG17+BH17 -> 0 | BB16: =IF(AND(CALCULO!AR15<>"", CALCULO!AR15<0), CALCULO!AR15 * -1, 0) -> 2 | BC16: =IF(AND(CALCULO!AS15<>"", CALCULO!AS15<0), CALCULO!AS15 * -1, 0) -> 1 | BG16: =IF(AND(CALCULO!AW15<>"", CALCULO!AW15<0), CALCULO!WP15 * -1, 0) -> 0 | BH16: =IF(AND(CALCULO!AX15<>"", CALCULO!AX15<0), CALCULO!AX15 * -1, 0) -> 2
D17: DEPRESIÓN MODERADA | E17: =+SUM(H17:AO17) -> 3 | F17: =IF(AND(CALCULO!D17<>"", CALCULO!D17<0), CALCULO!D17 * -1, "") | G17: =IF(AND(CALCULO!E17<>"", CALCULO!E17<0), CALCULO!E17 * -1, "") | H17: =IF(AND(CALCULO!F17<>"", CALCULO!F17<0), CALCULO!F17 * -1, 0) -> 0 | I17: =IF(AND(CALCULO!G17<>"", CALCULO!G17<0), CALCULO!G17 * -1, 0) -> 0 | J17: =IF(AND(CALCULO!H17<>"", CALCULO!H17<0), CALCULO!H17 * -1, 0) -> 0 | K17: =IF(AND(CALCULO!I17<>"", CALCULO!I17<0), CALCULO!I17 * -1, 0) -> 0 | L17: =IF(AND(CALCULO!J17<>"", CALCULO!J17<0), CALCULO!J17 * -1, 0) -> 0 | M17: =IF(AND(CALCULO!K17<>"", CALCULO!K17<0), CALCULO!K17 * -1, 0) -> 0 | N17: =IF(AND(CALCULO!L17<>"", CALCULO!L17<0), CALCULO!L17 * -1, 0) -> 0 | O17: =IF(AND(CALCULO!M17<>"", CALCULO!M17<0), CALCULO!M17 * -1, 0) -> 0 | ... AO17: =IF(AND(CALCULO!AM17<>"", CALCULO!AM17<0), CALCULO!AM17 * -1, 0) -> 0 | AP17: =IF(E17-(ALTAS!C17+AQ17+AR17)>=0,+E17-(ALTAS!C17+AQ17+AR17),"NEGATIVO") -> 0 | AQ17: =+ALTAS!D17 -> 0 | AR17: =+ALTAS!E17 -> 0 | AS17: =IF(AND(CALCULO!AN17<>"", CALCULO!AN17<0), CALCULO!AN17 * -1, 0) -> 0 | AT17: =IF(AND(CALCULO!AO17<>"", CALCULO!AO17<0), CALCULO!AO17 * -1, 0) -> 0 | AU17: =IF(AND(CALCULO!AP17<>"", CALCULO!AP17<0), CALCULO!AP17 * -1, 0) -> 0 | AV17: =IF(AND(CALCULO!AQ17<>"", CALCULO!AQ17<0), CALCULO!AQ17 * -1, 0) -> 0 | AW17: =IF(AND(CALCULO!AT17<>"", CALCULO!AT17<0), CALCULO!AT17 * -1, 0) -> 0 | AX17: =IF(AND(CALCULO!AU17<>"", CALCULO!AU17<0), CALCULO!AU17 * -1, 0) -> 0 | AY17: =+BB18+BC18 -> 0 | AZ17: =+BG18+BH18 -> 0 | BB17: =IF(AND(CALCULO!AR16<>"", CALCULO!AR16<0), CALCULO!AR16 * -1, 0) -> 0 | BC17: =IF(AND(CALCULO!AS16<>"", CALCULO!AS16<0), CALCULO!AS16 * -1, 0) -> 0 | BG17: =IF(AND(CALCULO!AW16<>"", CALCULO!AW16<0), CALCULO!WP16 * -1, 0) -> 0 | BH17: =IF(AND(CALCULO!AX16<>"", CALCULO!AX16<0), CALCULO!AX16 * -1, 0) -> 0
D18: DEPRESIÓN GRAVE | E18: =+SUM(H18:AO18) -> 3 | F18: =IF(AND(CALCULO!D18<>"", CALCULO!D18<0), CALCULO!D18 * -1, "") | G18: =IF(AND(CALCULO!E18<>"", CALCULO!E18<0), CALCULO!E18 * -1, "") | H18: =IF(AND(CALCULO!F18<>"", CALCULO!F18<0), CALCULO!F18 * -1, 0) -> 0 | I18: =IF(AND(CALCULO!G18<>"", CALCULO!G18<0), CALCULO!G18 * -1, 0) -> 0 | J18: =IF(AND(CALCULO!H18<>"", CALCULO!H18<0), CALCULO!H18 * -1, 0) -> 0 | K18: =IF(AND(CALCULO!I18<>"", CALCULO!I18<0), CALCULO!I18 * -1, 0) -> 0 | L18: =IF(AND(CALCULO!J18<>"", CALCULO!J18<0), CALCULO!J18 * -1, 0) -> 0 | M18: =IF(AND(CALCULO!K18<>"", CALCULO!K18<0), CALCULO!K18 * -1, 0) -> 0 | N18: =IF(AND(CALCULO!L18<>"", CALCULO!L18<0), CALCULO!L18 * -1, 0) -> 0 | O18: =IF(AND(CALCULO!M18<>"", CALCULO!M18<0), CALCULO!M18 * -1, 0) -> 0 | ... AO18: =IF(AND(CALCULO!AM18<>"", CALCULO!AM18<0), CALCULO!AM18 * -1, 0) -> 0 | AP18: =IF(E18-(ALTAS!C18+AQ18+AR18)>=0,+E18-(ALTAS!C18+AQ18+AR18),"NEGATIVO") -> 1 | AQ18: =+ALTAS!D18 -> 0 | AR18: =+ALTAS!E18 -> 0 | AS18: =IF(AND(CALCULO!AN18<>"", CALCULO!AN18<0), CALCULO!AN18 * -1, 0) -> 0 | AT18: =IF(AND(CALCULO!AO18<>"", CALCULO!AO18<0), CALCULO!AO18 * -1, 0) -> 0 | AU18: =IF(AND(CALCULO!AP18<>"", CALCULO!AP18<0), CALCULO!AP18 * -1, 0) -> 0 | AV18: =IF(AND(CALCULO!AQ18<>"", CALCULO!AQ18<0), CALCULO!AQ18 * -1, 0) -> 0 | AW18: =IF(AND(CALCULO!AT18<>"", CALCULO!AT18<0), CALCULO!AT18 * -1, 0) -> 0 | AX18: =IF(AND(CALCULO!AU18<>"", CALCULO!AU18<0), CALCULO!AU18 * -1, 0) -> 0 | AY18: =+BB19+BC19 -> 0 | AZ18: =+BG19+BH19 -> 0 | BB18: =IF(AND(CALCULO!AR17<>"", CALCULO!AR17<0), CALCULO!AR17 * -1, 0) -> 0 | BC18: =IF(AND(CALCULO!AS17<>"", CALCULO!AS17<0), CALCULO!AS17 * -1, 0) -> 0 | BG18: =IF(AND(CALCULO!AW17<>"", CALCULO!AW17<0), CALCULO!WP17 * -1, 0) -> 0 | BH18: =IF(AND(CALCULO!AX17<>"", CALCULO!AX17<0), CALCULO!AX17 * -1, 0) -> 0
D19: DEPRESIÓN POST PARTO | E19: =+SUM(H19:AO19) -> 0 | F19: =IF(AND(CALCULO!D19<>"", CALCULO!D19<0), CALCULO!D19 * -1, "") | G19: =IF(AND(CALCULO!E19<>"", CALCULO!E19<0), CALCULO!E19 * -1, "") | H19: =IF(AND(CALCULO!F19<>"", CALCULO!F19<0), CALCULO!F19 * -1, 0) -> 0 | I19: =IF(AND(CALCULO!G19<>"", CALCULO!G19<0), CALCULO!G19 * -1, 0) -> 0 | J19: =IF(AND(CALCULO!H19<>"", CALCULO!H19<0), CALCULO!H19 * -1, 0) -> 0 | K19: =IF(AND(CALCULO!I19<>"", CALCULO!I19<0), CALCULO!I19 * -1, 0) -> 0 | L19: =IF(AND(CALCULO!J19<>"", CALCULO!J19<0), CALCULO!J19 * -1, 0) -> 0 | M19: =IF(AND(CALCULO!K19<>"", CALCULO!K19<0), CALCULO!K19 * -1, 0) -> 0 | N19: =IF(AND(CALCULO!L19<>"", CALCULO!L19<0), CALCULO!L19 * -1, 0) -> 0 | O19: =IF(AND(CALCULO!M19<>"", CALCULO!M19<0), CALCULO!M19 * -1, 0) -> 0 | ... AO19: =IF(AND(CALCULO!AM19<>"", CALCULO!AM19<0), CALCULO!AM19 * -1, 0) -> 0 | AP19: =IF(E19-(ALTAS!C19+AQ19+AR19)>=0,+E19-(ALTAS!C19+AQ19+AR19),"NEGATIVO") -> 0 | AQ19: =+ALTAS!D19 -> 0 | AR19: =+ALTAS!E19 -> 0 | AS19: =IF(AND(CALCULO!AN19<>"", CALCULO!AN19<0), CALCULO!AN19 * -1, 0) -> 0 | AT19: =IF(AND(CALCULO!AO19<>"", CALCULO!AO19<0), CALCULO!AO19 * -1, 0) -> 0 | AU19: =IF(AND(CALCULO!AP19<>"", CALCULO!AP19<0), CALCULO!AP19 * -1, 0) -> 0 | AV19: =IF(AND(CALCULO!AQ19<>"", CALCULO!AQ19<0), CALCULO!AQ19 * -1, 0) -> 0 | AW19: =IF(AND(CALCULO!AT19<>"", CALCULO!AT19<0), CALCULO!AT19 * -1, 0) -> 0 | AX19: =IF(AND(CALCULO!AU19<>"", CALCULO!AU19<0), CALCULO!AU19 * -1, 0) -> 0 | AY19: =+BB20+BC20 -> 0 | AZ19: =+BG20+BH20 -> 0 | BB19: =IF(AND(CALCULO!AR18<>"", CALCULO!AR18<0), CALCULO!AR18 * -1, 0) -> 0 | BC19: =IF(AND(CALCULO!AS18<>"", CALCULO!AS18<0), CALCULO!AS18 * -1, 0) -> 0 | BG19: =IF(AND(CALCULO!AW18<>"", CALCULO!AW18<0), CALCULO!WP18 * -1, 0) -> 0 | BH19: =IF(AND(CALCULO!AX18<>"", CALCULO!AX18<0), CALCULO!AX18 * -1, 0) -> 0
D20: TRASTORNO BIPOLAR | E20: =+SUM(H20:AO20) -> 0 | F20: =IF(AND(CALCULO!D20<>"", CALCULO!D20<0), CALCULO!D20 * -1, "") | G20: =IF(AND(CALCULO!E20<>"", CALCULO!E20<0), CALCULO!E20 * -1, "") | H20: =IF(AND(CALCULO!F20<>"", CALCULO!F20<0), CALCULO!F20 * -1, 0) -> 0 | I20: =IF(AND(CALCULO!G20<>"", CALCULO!G20<0), CALCULO!G20 * -1, 0) -> 0 | J20: =IF(AND(CALCULO!H20<>"", CALCULO!H20<0), CALCULO!H20 * -1, 0) -> 0 | K20: =IF(AND(CALCULO!I20<>"", CALCULO!I20<0), CALCULO!I20 * -1, 0) -> 0 | L20: =IF(AND(CALCULO!J20<>"", CALCULO!J20<0), CALCULO!J20 * -1, 0) -> 0 | M20: =IF(AND(CALCULO!K20<>"", CALCULO!K20<0), CALCULO!K20 * -1, 0) -> 0 | N20: =IF(AND(CALCULO!L20<>"", CALCULO!L20<0), CALCULO!L20 * -1, 0) -> 0 | O20: =IF(AND(CALCULO!M20<>"", CALCULO!M20<0), CALCULO!M20 * -1, 0) -> 0 | ... AO20: =IF(AND(CALCULO!AM20<>"", CALCULO!AM20<0), CALCULO!AM20 * -1, 0) -> 0 | AP20: =IF(E20-(ALTAS!C20+AQ20+AR20)>=0,+E20-(ALTAS!C20+AQ20+AR20),"NEGATIVO") -> 0 | AQ20: =+ALTAS!D20 -> 0 | AR20: =+ALTAS!E20 -> 0 | AS20: =IF(AND(CALCULO!AN20<>"", CALCULO!AN20<0), CALCULO!AN20 * -1, 0) -> 0 | AT20: =IF(AND(CALCULO!AO20<>"", CALCULO!AO20<0), CALCULO!AO20 * -1, 0) -> 0 | AU20: =IF(AND(CALCULO!AP20<>"", CALCULO!AP20<0), CALCULO!AP20 * -1, 0) -> 0 | AV20: =IF(AND(CALCULO!AQ20<>"", CALCULO!AQ20<0), CALCULO!AQ20 * -1, 0) -> 0 | AW20: =IF(AND(CALCULO!AT20<>"", CALCULO!AT20<0), CALCULO!AT20 * -1, 0) -> 0 | AX20: =IF(AND(CALCULO!AU20<>"", CALCULO!AU20<0), CALCULO!AU20 * -1, 0) -> 0 | AY20: =+BB24+BC24 -> 0 | AZ20: =+BG24+BH24 -> 0 | BB20: =IF(AND(CALCULO!AR19<>"", CALCULO!AR19<0), CALCULO!AR19 * -1, 0) -> 0 | BC20: =IF(AND(CALCULO!AS19<>"", CALCULO!AS19<0), CALCULO!AS19 * -1, 0) -> 0 | BG20: =IF(AND(CALCULO!AW19<>"", CALCULO!AW19<0), CALCULO!WP19 * -1, 0) -> 0 | BH20: =IF(AND(CALCULO!AX19<>"", CALCULO!AX19<0), CALCULO!AX19 * -1, 0) -> 0
AP21: =IF(E21-(ALTAS!C21+AQ21+AR21)>=0,+E21-(ALTAS!C21+AQ21+AR21),"NEGATIVO") -> 0 | AQ21: =+ALTAS!D21 -> 0 | AR21: =+ALTAS!E21 -> 0
AP22: =IF(E22-(ALTAS!C22+AQ22+AR22)>=0,+E22-(ALTAS!C22+AQ22+AR22),"NEGATIVO") -> 0 | AQ22: =+ALTAS!D22 -> 0 | AR22: =+ALTAS!E22 -> 0
AP23: =IF(E23-(ALTAS!C23+AQ23+AR23)>=0,+E23-(ALTAS!C23+AQ23+AR23),"NEGATIVO") -> 0 | AQ23: =+ALTAS!D23 -> 0 | AR23: =+ALTAS!E23 -> 0
C24: TRASTORNOS MENTALES Y DEL COMPORTAMIENTO DEBIDO A CONSUMO SUSTANCIAS PSICOTROPICAS | D24: CONSUMO PERJUDICIAL DE ALCOHOL | E24: =+SUM(H24:AO24) -> 1 | F24: =IF(AND(CALCULO!D21<>"", CALCULO!D21<0), CALCULO!D21 * -1, "") | G24: =IF(AND(CALCULO!E21<>"", CALCULO!E21<0), CALCULO!E21 * -1, "") | H24: =IF(AND(CALCULO!F21<>"", CALCULO!F21<0), CALCULO!F21 * -1, 0) -> 0 | I24: =IF(AND(CALCULO!G21<>"", CALCULO!G21<0), CALCULO!G21 * -1, 0) -> 0 | J24: =IF(AND(CALCULO!H21<>"", CALCULO!H21<0), CALCULO!H21 * -1, 0) -> 0 | K24: =IF(AND(CALCULO!I21<>"", CALCULO!I21<0), CALCULO!I21 * -1, 0) -> 0 | L24: =IF(AND(CALCULO!J21<>"", CALCULO!J21<0), CALCULO!J21 * -1, 0) -> 0 | M24: =IF(AND(CALCULO!K21<>"", CALCULO!K21<0), CALCULO!K21 * -1, 0) -> 0 | N24: =IF(AND(CALCULO!L21<>"", CALCULO!L21<0), CALCULO!L21 * -1, 0) -> 0 | O24: =IF(AND(CALCULO!M21<>"", CALCULO!M21<0), CALCULO!M21 * -1, 0) -> 0 | ... AO24: =IF(AND(CALCULO!AM21<>"", CALCULO!AM21<0), CALCULO!AM21 * -1, 0) -> 0 | AP24: =IF(E24-(ALTAS!C24+AQ24+AR24)>=0,+E24-(ALTAS!C24+AQ24+AR24),"NEGATIVO") -> 0 | AQ24: =+ALTAS!D24 -> 0 | AR24: =+ALTAS!E24 -> 1 | AS24: =IF(AND(CALCULO!AN21<>"", CALCULO!AN21<0), CALCULO!AN21 * -1, 0) -> 0 | AT24: =IF(AND(CALCULO!AO21<>"", CALCULO!AO21<0), CALCULO!AO21 * -1, 0) -> 0 | AU24: =IF(AND(CALCULO!AP21<>"", CALCULO!AP21<0), CALCULO!AP21 * -1, 0) -> 1 | AV24: =IF(AND(CALCULO!AQ21<>"", CALCULO!AQ21<0), CALCULO!AQ21 * -1, 0) -> 0 | AW24: =IF(AND(CALCULO!AT21<>"", CALCULO!AT21<0), CALCULO!AT21 * -1, 0) -> 0 | AX24: =IF(AND(CALCULO!AU21<>"", CALCULO!AU21<0), CALCULO!AU21 * -1, 0) -> 0 | AY24: =+BB25+BC25 -> 0 | AZ24: =+BG25+BH25 -> 0 | BB24: =IF(AND(CALCULO!AR20<>"", CALCULO!AR20<0), CALCULO!AR20 * -1, 0) -> 0 | BC24: =IF(AND(CALCULO!AS20<>"", CALCULO!AS20<0), CALCULO!AS20 * -1, 0) -> 0 | BG24: =IF(AND(CALCULO!AW20<>"", CALCULO!AW20<0), CALCULO!WP20 * -1, 0) -> 0 | BH24: =IF(AND(CALCULO!AX20<>"", CALCULO!AX20<0), CALCULO!AX20 * -1, 0) -> 0
D25: CONSUMO DEPENDIENTE DEL ALCOHOL | E25: =+SUM(H25:AO25) -> 1 | F25: =IF(AND(CALCULO!D22<>"", CALCULO!D22<0), CALCULO!D22 * -1, "") | G25: =IF(AND(CALCULO!E22<>"", CALCULO!E22<0), CALCULO!E22 * -1, "") -> 1 | H25: =IF(AND(CALCULO!F22<>"", CALCULO!F22<0), CALCULO!F22 * -1, 0) -> 0 | I25: =IF(AND(CALCULO!G22<>"", CALCULO!G22<0), CALCULO!G22 * -1, 0) -> 0 | J25: =IF(AND(CALCULO!H22<>"", CALCULO!H22<0), CALCULO!H22 * -1, 0) -> 0 | K25: =IF(AND(CALCULO!I22<>"", CALCULO!I22<0), CALCULO!I22 * -1, 0) -> 0 | L25: =IF(AND(CALCULO!J22<>"", CALCULO!J22<0), CALCULO!J22 * -1, 0) -> 0 | M25: =IF(AND(CALCULO!K22<>"", CALCULO!K22<0), CALCULO!K22 * -1, 0) -> 0 | N25: =IF(AND(CALCULO!L22<>"", CALCULO!L22<0), CALCULO!L22 * -1, 0) -> 0 | O25: =IF(AND(CALCULO!M22<>"", CALCULO!M22<0), CALCULO!M22 * -1, 0) -> 0 | ... AO25: =IF(AND(CALCULO!AM22<>"", CALCULO!AM22<0), CALCULO!AM22 * -1, 0) -> 0 | AP25: =IF(E25-(ALTAS!C25+AQ25+AR25)>=0,+E25-(ALTAS!C25+AQ25+AR25),"NEGATIVO") -> 1 | AQ25: =+ALTAS!D25 -> 0 | AR25: =+ALTAS!E25 -> 0 | AS25: =IF(AND(CALCULO!AN22<>"", CALCULO!AN22<0), CALCULO!AN22 * -1, 0) -> 0 | AT25: =IF(AND(CALCULO!AO22<>"", CALCULO!AO22<0), CALCULO!AO22 * -1, 0) -> 0 | AU25: =IF(AND(CALCULO!AP22<>"", CALCULO!AP22<0), CALCULO!AP22 * -1, 0) -> 0 | AV25: =IF(AND(CALCULO!AQ22<>"", CALCULO!AQ22<0), CALCULO!AQ22 * -1, 0) -> 0 | AW25: =IF(AND(CALCULO!AT22<>"", CALCULO!AT22<0), CALCULO!AT22 * -1, 0) -> 0 | AX25: =IF(AND(CALCULO!AU22<>"", CALCULO!AU22<0), CALCULO!AU22 * -1, 0) -> 0 | AY25: =+BB26+BC26 -> 0 | AZ25: =+BG26+BH26 -> 0 | BB25: =IF(AND(CALCULO!AR21<>"", CALCULO!AR21<0), CALCULO!AR21 * -1, 0) -> 0 | BC25: =IF(AND(CALCULO!AS21<>"", CALCULO!AS21<0), CALCULO!AS21 * -1, 0) -> 0 | BG25: =IF(AND(CALCULO!AW21<>"", CALCULO!AW21<0), CALCULO!WP21 * -1, 0) -> 0 | BH25: =IF(AND(CALCULO!AX21<>"", CALCULO!AX21<0), CALCULO!AX21 * -1, 0) -> 0
D26: CONSUMO PERJUDICIAL DE DROGAS | E26: =+SUM(H26:AO26) -> 0 | F26: =IF(AND(CALCULO!D23<>"", CALCULO!D23<0), CALCULO!D23 * -1, "") | G26: =IF(AND(CALCULO!E23<>"", CALCULO!E23<0), CALCULO!E23 * -1, "") | H26: =IF(AND(CALCULO!F23<>"", CALCULO!F23<0), CALCULO!F23 * -1, 0) -> 0 | I26: =IF(AND(CALCULO!G23<>"", CALCULO!G23<0), CALCULO!G23 * -1, 0) -> 0 | J26: =IF(AND(CALCULO!H23<>"", CALCULO!H23<0), CALCULO!H23 * -1, 0) -> 0 | K26: =IF(AND(CALCULO!I23<>"", CALCULO!I23<0), CALCULO!I23 * -1, 0) -> 0 | L26: =IF(AND(CALCULO!J23<>"", CALCULO!J23<0), CALCULO!J23 * -1, 0) -> 0 | M26: =IF(AND(CALCULO!K23<>"", CALCULO!K23<0), CALCULO!K23 * -1, 0) -> 0 | N26: =IF(AND(CALCULO!L23<>"", CALCULO!L23<0), CALCULO!L23 * -1, 0) -> 0 | O26: =IF(AND(CALCULO!M23<>"", CALCULO!M23<0), CALCULO!M23 * -1, 0) -> 0 | ... AO26: =IF(AND(CALCULO!AM23<>"", CALCULO!AM23<0), CALCULO!AM23 * -1, 0) -> 0 | AP26: =IF(E26-(ALTAS!C26+AQ26+AR26)>=0,+E26-(ALTAS!C26+AQ26+AR26),"NEGATIVO") -> 0 | AQ26: =+ALTAS!D26 -> 0 | AR26: =+ALTAS!E26 -> 0 | AS26: =IF(AND(CALCULO!AN23<>"", CALCULO!AN23<0), CALCULO!AN23 * -1, 0) -> 0 | AT26: =IF(AND(CALCULO!AO23<>"", CALCULO!AO23<0), CALCULO!AO23 * -1, 0) -> 0 | AU26: =IF(AND(CALCULO!AP23<>"", CALCULO!AP23<0), CALCULO!AP23 * -1, 0) -> 0 | AV26: =IF(AND(CALCULO!AQ23<>"", CALCULO!AQ23<0), CALCULO!AQ23 * -1, 0) -> 0 | AW26: =IF(AND(CALCULO!AT23<>"", CALCULO!AT23<0), CALCULO!AT23 * -1, 0) -> 0 | AX26: =IF(AND(CALCULO!AU23<>"", CALCULO!AU23<0), CALCULO!AU23 * -1, 0) -> 0 | AY26: =+BB27+BC27 -> 0 | AZ26: =+BG27+BH27 -> 0 | BB26: =IF(AND(CALCULO!AR22<>"", CALCULO!AR22<0), CALCULO!AR22 * -1, 0) -> 0 | BC26: =IF(AND(CALCULO!AS22<>"", CALCULO!AS22<0), CALCULO!AS22 * -1, 0) -> 0 | BG26: =IF(AND(CALCULO!AW22<>"", CALCULO!AW22<0), CALCULO!WP22 * -1, 0) -> 0 | BH26: =IF(AND(CALCULO!AX22<>"", CALCULO!AX22<0), CALCULO!AX22 * -1, 0) -> 0
D27: CONSUMO DEPENDIENTE DE DROGAS | E27: =+SUM(H27:AO27) -> 1 | F27: =IF(AND(CALCULO!D24<>"", CALCULO!D24<0), CALCULO!D24 * -1, "") | G27: =IF(AND(CALCULO!E24<>"", CALCULO!E24<0), CALCULO!E24 * -1, "") | H27: =IF(AND(CALCULO!F24<>"", CALCULO!F24<0), CALCULO!F24 * -1, 0) -> 0 | I27: =IF(AND(CALCULO!G24<>"", CALCULO!G24<0), CALCULO!G24 * -1, 0) -> 0 | J27: =IF(AND(CALCULO!H24<>"", CALCULO!H24<0), CALCULO!H24 * -1, 0) -> 0 | K27: =IF(AND(CALCULO!I24<>"", CALCULO!I24<0), CALCULO!I24 * -1, 0) -> 0 | L27: =IF(AND(CALCULO!J24<>"", CALCULO!J24<0), CALCULO!J24 * -1, 0) -> 0 | M27: =IF(AND(CALCULO!K24<>"", CALCULO!K24<0), CALCULO!K24 * -1, 0) -> 0 | N27: =IF(AND(CALCULO!L24<>"", CALCULO!L24<0), CALCULO!L24 * -1, 0) -> 0 | O27: =IF(AND(CALCULO!M24<>"", CALCULO!M24<0), CALCULO!M24 * -1, 0) -> 0 | ... AO27: =IF(AND(CALCULO!AM24<>"", CALCULO!AM24<0), CALCULO!AM24 * -1, 0) -> 0 | AP27: =IF(E27-(ALTAS!C27+AQ27+AR27)>=0,+E27-(ALTAS!C27+AQ27+AR27),"NEGATIVO") -> 1 | AQ27: =+ALTAS!D27 -> 0 | AR27: =+ALTAS!E27 -> 0 | AS27: =IF(AND(CALCULO!AN24<>"", CALCULO!AN24<0), CALCULO!AN24 * -1, 0) -> 0 | AT27: =IF(AND(CALCULO!AO24<>"", CALCULO!AO24<0), CALCULO!AO24 * -1, 0) -> 0 | AU27: =IF(AND(CALCULO!AP24<>"", CALCULO!AP24<0), CALCULO!AP24 * -1, 0) -> 1 | AV27: =IF(AND(CALCULO!AQ24<>"", CALCULO!AQ24<0), CALCULO!AQ24 * -1, 0) -> 0 | AW27: =IF(AND(CALCULO!AT24<>"", CALCULO!AT24<0), CALCULO!AT24 * -1, 0) -> 0 | AX27: =IF(AND(CALCULO!AU24<>"", CALCULO!AU24<0), CALCULO!AU24 * -1, 0) -> 0 | AY27: =+BB28+BC28 -> 0 | AZ27: =+BG28+BH28 -> 0 | BB27: =IF(AND(CALCULO!AR23<>"", CALCULO!AR23<0), CALCULO!AR23 * -1, 0) -> 0 | BC27: =IF(AND(CALCULO!AS23<>"", CALCULO!AS23<0), CALCULO!AS23 * -1, 0) -> 0 | BG27: =IF(AND(CALCULO!AW23<>"", CALCULO!AW23<0), CALCULO!WP23 * -1, 0) -> 0 | BH27: =IF(AND(CALCULO!AX23<>"", CALCULO!AX23<0), CALCULO!AX23 * -1, 0) -> 0
D28: CONSUMO DE DROGAS Y ALCOHOL | E28: =+SUM(H28:AO28) -> 3 | F28: =IF(AND(CALCULO!D25<>"", CALCULO!D25<0), CALCULO!D25 * -1, "") -> 1 | G28: =IF(AND(CALCULO!E25<>"", CALCULO!E25<0), CALCULO!E25 * -1, "") | H28: =IF(AND(CALCULO!F25<>"", CALCULO!F25<0), CALCULO!F25 * -1, 0) -> 0 | I28: =IF(AND(CALCULO!G25<>"", CALCULO!G25<0), CALCULO!G25 * -1, 0) -> 0 | J28: =IF(AND(CALCULO!H25<>"", CALCULO!H25<0), CALCULO!H25 * -1, 0) -> 0 | K28: =IF(AND(CALCULO!I25<>"", CALCULO!I25<0), CALCULO!I25 * -1, 0) -> 0 | L28: =IF(AND(CALCULO!J25<>"", CALCULO!J25<0), CALCULO!J25 * -1, 0) -> 0 | M28: =IF(AND(CALCULO!K25<>"", CALCULO!K25<0), CALCULO!K25 * -1, 0) -> 0 | N28: =IF(AND(CALCULO!L25<>"", CALCULO!L25<0), CALCULO!L25 * -1, 0) -> 0 | O28: =IF(AND(CALCULO!M25<>"", CALCULO!M25<0), CALCULO!M25 * -1, 0) -> 0 | ... AO28: =IF(AND(CALCULO!AM25<>"", CALCULO!AM25<0), CALCULO!AM25 * -1, 0) -> 0 | AP28: =IF(E28-(ALTAS!C28+AQ28+AR28)>=0,+E28-(ALTAS!C28+AQ28+AR28),"NEGATIVO") -> 2 | AQ28: =+ALTAS!D28 -> 0 | AR28: =+ALTAS!E28 -> 1 | AS28: =IF(AND(CALCULO!AN25<>"", CALCULO!AN25<0), CALCULO!AN25 * -1, 0) -> 0 | AT28: =IF(AND(CALCULO!AO25<>"", CALCULO!AO25<0), CALCULO!AO25 * -1, 0) -> 0 | AU28: =IF(AND(CALCULO!AP25<>"", CALCULO!AP25<0), CALCULO!AP25 * -1, 0) -> 0 | AV28: =IF(AND(CALCULO!AQ25<>"", CALCULO!AQ25<0), CALCULO!AQ25 * -1, 0) -> 0 | AW28: =IF(AND(CALCULO!AT25<>"", CALCULO!AT25<0), CALCULO!AT25 * -1, 0) -> 0 | AX28: =IF(AND(CALCULO!AU25<>"", CALCULO!AU25<0), CALCULO!AU25 * -1, 0) -> 0 | AY28: =+BB29+BC29 -> 0 | AZ28: =+BG29+BH29 -> 0 | BB28: =IF(AND(CALCULO!AR24<>"", CALCULO!AR24<0), CALCULO!AR24 * -1, 0) -> 0 | BC28: =IF(AND(CALCULO!AS24<>"", CALCULO!AS24<0), CALCULO!AS24 * -1, 0) -> 0 | BG28: =IF(AND(CALCULO!AW24<>"", CALCULO!AW24<0), CALCULO!WP24 * -1, 0) -> 0 | BH28: =IF(AND(CALCULO!AX24<>"", CALCULO!AX24<0), CALCULO!AX24 * -1, 0) -> 0
C29: TRASTORNOS DEL COMPORTAMIENTO Y DE LAS EMOCIONES DE COMIENZO HABITUAL EN LA INFANCIA Y ADOLESCENCIA | D29: TRASTORNO HIPERCINÉTICO | E29: =+SUM(H29:AO29) -> 2 | F29: =IF(AND(CALCULO!D26<>"", CALCULO!D26<0), CALCULO!D26 * -1, "") | G29: =IF(AND(CALCULO!E26<>"", CALCULO!E26<0), CALCULO!E26 * -1, "") | H29: =IF(AND(CALCULO!F26<>"", CALCULO!F26<0), CALCULO!F26 * -1, 0) -> 0 | I29: =IF(AND(CALCULO!G26<>"", CALCULO!G26<0), CALCULO!G26 * -1, 0) -> 0 | J29: =IF(AND(CALCULO!H26<>"", CALCULO!H26<0), CALCULO!H26 * -1, 0) -> 0 | K29: =IF(AND(CALCULO!I26<>"", CALCULO!I26<0), CALCULO!I26 * -1, 0) -> 0 | L29: =IF(AND(CALCULO!J26<>"", CALCULO!J26<0), CALCULO!J26 * -1, 0) -> 0 | M29: =IF(AND(CALCULO!K26<>"", CALCULO!K26<0), CALCULO!K26 * -1, 0) -> 0 | N29: =IF(AND(CALCULO!L26<>"", CALCULO!L26<0), CALCULO!L26 * -1, 0) -> 1 | O29: =IF(AND(CALCULO!M26<>"", CALCULO!M26<0), CALCULO!M26 * -1, 0) -> 0 | ... AO29: =IF(AND(CALCULO!AM26<>"", CALCULO!AM26<0), CALCULO!AM26 * -1, 0) -> 0 | AP29: =IF(E29-(ALTAS!C29+AQ29+AR29)>=0,+E29-(ALTAS!C29+AQ29+AR29),"NEGATIVO") -> 2 | AQ29: =+ALTAS!D29 -> 0 | AR29: =+ALTAS!E29 -> 0 | AS29: =IF(AND(CALCULO!AN26<>"", CALCULO!AN26<0), CALCULO!AN26 * -1, 0) -> 0 | AT29: =IF(AND(CALCULO!AO26<>"", CALCULO!AO26<0), CALCULO!AO26 * -1, 0) -> 0 | AU29: =IF(AND(CALCULO!AP26<>"", CALCULO!AP26<0), CALCULO!AP26 * -1, 0) -> 0 | AV29: =IF(AND(CALCULO!AQ26<>"", CALCULO!AQ26<0), CALCULO!AQ26 * -1, 0) -> 0 | AW29: =IF(AND(CALCULO!AT26<>"", CALCULO!AT26<0), CALCULO!AT26 * -1, 0) -> 1 | AX29: =IF(AND(CALCULO!AU26<>"", CALCULO!AU26<0), CALCULO!AU26 * -1, 0) -> 0 | AY29: =+BB30+BC30 -> 0 | AZ29: =+BG30+BH30 -> 0 | BB29: =IF(AND(CALCULO!AR25<>"", CALCULO!AR25<0), CALCULO!AR25 * -1, 0) -> 0 | BC29: =IF(AND(CALCULO!AS25<>"", CALCULO!AS25<0), CALCULO!AS25 * -1, 0) -> 0 | BG29: =IF(AND(CALCULO!AW25<>"", CALCULO!AW25<0), CALCULO!WP25 * -1, 0) -> 0 | BH29: =IF(AND(CALCULO!AX25<>"", CALCULO!AX25<0), CALCULO!AX25 * -1, 0) -> 0
D30: TRASTORNO DISOCIAL DESAFIANTE Y OPOSICIONISTA | E30: =+SUM(H30:AO30) -> 0 | F30: =IF(AND(CALCULO!D27<>"", CALCULO!D27<0), CALCULO!D27 * -1, "") | G30: =IF(AND(CALCULO!E27<>"", CALCULO!E27<0), CALCULO!E27 * -1, "") | H30: =IF(AND(CALCULO!F27<>"", CALCULO!F27<0), CALCULO!F27 * -1, 0) -> 0 | I30: =IF(AND(CALCULO!G27<>"", CALCULO!G27<0), CALCULO!G27 * -1, 0) -> 0 | J30: =IF(AND(CALCULO!H27<>"", CALCULO!H27<0), CALCULO!H27 * -1, 0) -> 0 | K30: =IF(AND(CALCULO!I27<>"", CALCULO!I27<0), CALCULO!I27 * -1, 0) -> 0 | L30: =IF(AND(CALCULO!J27<>"", CALCULO!J27<0), CALCULO!J27 * -1, 0) -> 0 | M30: =IF(AND(CALCULO!K27<>"", CALCULO!K27<0), CALCULO!K27 * -1, 0) -> 0 | N30: =IF(AND(CALCULO!L27<>"", CALCULO!L27<0), CALCULO!L27 * -1, 0) -> 0 | O30: =IF(AND(CALCULO!M27<>"", CALCULO!M27<0), CALCULO!M27 * -1, 0) -> 0 | ... AO30: =IF(AND(CALCULO!AM27<>"", CALCULO!AM27<0), CALCULO!AM27 * -1, 0) -> 0 | AP30: =IF(E30-(ALTAS!C30+AQ30+AR30)>=0,+E30-(ALTAS!C30+AQ30+AR30),"NEGATIVO") -> 0 | AQ30: =+ALTAS!D30 -> 0 | AR30: =+ALTAS!E30 -> 0 | AS30: =IF(AND(CALCULO!AN27<>"", CALCULO!AN27<0), CALCULO!AN27 * -1, 0) -> 0 | AT30: =IF(AND(CALCULO!AO27<>"", CALCULO!AO27<0), CALCULO!AO27 * -1, 0) -> 0 | AU30: =IF(AND(CALCULO!AP27<>"", CALCULO!AP27<0), CALCULO!AP27 * -1, 0) -> 0 | AV30: =IF(AND(CALCULO!AQ27<>"", CALCULO!AQ27<0), CALCULO!AQ27 * -1, 0) -> 0 | AW30: =IF(AND(CALCULO!AT27<>"", CALCULO!AT27<0), CALCULO!AT27 * -1, 0) -> 0 | AX30: =IF(AND(CALCULO!AU27<>"", CALCULO!AU27<0), CALCULO!AU27 * -1, 0) -> 0 | AY30: =+BB31+BC31 -> 0 | AZ30: =+BG31+BH31 -> 0 | BB30: =IF(AND(CALCULO!AR26<>"", CALCULO!AR26<0), CALCULO!AR26 * -1, 0) -> 0 | BC30: =IF(AND(CALCULO!AS26<>"", CALCULO!AS26<0), CALCULO!AS26 * -1, 0) -> 0 | BG30: =IF(AND(CALCULO!AW26<>"", CALCULO!AW26<0), CALCULO!WP26 * -1, 0) -> 0 | BH30: =IF(AND(CALCULO!AX26<>"", CALCULO!AX26<0), CALCULO!AX26 * -1, 0) -> 0
D31: TRASTORNO DE ANSIEDAD DE SEPARACIÓN EN LA INFANCIA | E31: =+SUM(H31:AO31) -> 0 | F31: =IF(AND(CALCULO!D28<>"", CALCULO!D28<0), CALCULO!D28 * -1, "") | G31: =IF(AND(CALCULO!E28<>"", CALCULO!E28<0), CALCULO!E28 * -1, "") | H31: =IF(AND(CALCULO!F28<>"", CALCULO!F28<0), CALCULO!F28 * -1, 0) -> 0 | I31: =IF(AND(CALCULO!G28<>"", CALCULO!G28<0), CALCULO!G28 * -1, 0) -> 0 | J31: =IF(AND(CALCULO!H28<>"", CALCULO!H28<0), CALCULO!H28 * -1, 0) -> 0 | K31: =IF(AND(CALCULO!I28<>"", CALCULO!I28<0), CALCULO!I28 * -1, 0) -> 0 | L31: =IF(AND(CALCULO!J28<>"", CALCULO!J28<0), CALCULO!J28 * -1, 0) -> 0 | M31: =IF(AND(CALCULO!K28<>"", CALCULO!K28<0), CALCULO!K28 * -1, 0) -> 0 | N31: =IF(AND(CALCULO!L28<>"", CALCULO!L28<0), CALCULO!L28 * -1, 0) -> 0 | O31: =IF(AND(CALCULO!M28<>"", CALCULO!M28<0), CALCULO!M28 * -1, 0) -> 0 | ... AO31: =IF(AND(CALCULO!AM28<>"", CALCULO!AM28<0), CALCULO!AM28 * -1, 0) -> 0 | AP31: =IF(E31-(ALTAS!C31+AQ31+AR31)>=0,+E31-(ALTAS!C31+AQ31+AR31),"NEGATIVO") -> 0 | AQ31: =+ALTAS!D31 -> 0 | AR31: =+ALTAS!E31 -> 0 | AS31: =IF(AND(CALCULO!AN28<>"", CALCULO!AN28<0), CALCULO!AN28 * -1, 0) -> 0 | AT31: =IF(AND(CALCULO!AO28<>"", CALCULO!AO28<0), CALCULO!AO28 * -1, 0) -> 0 | AU31: =IF(AND(CALCULO!AP28<>"", CALCULO!AP28<0), CALCULO!AP28 * -1, 0) -> 0 | AV31: =IF(AND(CALCULO!AQ28<>"", CALCULO!AQ28<0), CALCULO!AQ28 * -1, 0) -> 0 | AW31: =IF(AND(CALCULO!AT28<>"", CALCULO!AT28<0), CALCULO!AT28 * -1, 0) -> 0 | AX31: =IF(AND(CALCULO!AU28<>"", CALCULO!AU28<0), CALCULO!AU28 * -1, 0) -> 0 | AY31: =+BB32+BC32 -> 0 | AZ31: =+BG32+BH32 -> 0 | BB31: =IF(AND(CALCULO!AR27<>"", CALCULO!AR27<0), CALCULO!AR27 * -1, 0) -> 0 | BC31: =IF(AND(CALCULO!AS27<>"", CALCULO!AS27<0), CALCULO!AS27 * -1, 0) -> 0 | BG31: =IF(AND(CALCULO!AW27<>"", CALCULO!AW27<0), CALCULO!WP27 * -1, 0) -> 0 | BH31: =IF(AND(CALCULO!AX27<>"", CALCULO!AX27<0), CALCULO!AX27 * -1, 0) -> 0
D32: OTROS TRASTORNOS DEL COMPORTAMIENTO Y DE LAS EMOCIONES DE COMIENZO HABITUAL EN LA INFANCIA Y ADOLESCENCIA | E32: =+SUM(H32:AO32) -> 1 | F32: =IF(AND(CALCULO!D29<>"", CALCULO!D29<0), CALCULO!D29 * -1, "") -> 1 | G32: =IF(AND(CALCULO!E29<>"", CALCULO!E29<0), CALCULO!E29 * -1, "") | H32: =IF(AND(CALCULO!F29<>"", CALCULO!F29<0), CALCULO!F29 * -1, 0) -> 0 | I32: =IF(AND(CALCULO!G29<>"", CALCULO!G29<0), CALCULO!G29 * -1, 0) -> 0 | J32: =IF(AND(CALCULO!H29<>"", CALCULO!H29<0), CALCULO!H29 * -1, 0) -> 0 | K32: =IF(AND(CALCULO!I29<>"", CALCULO!I29<0), CALCULO!I29 * -1, 0) -> 0 | L32: =IF(AND(CALCULO!J29<>"", CALCULO!J29<0), CALCULO!J29 * -1, 0) -> 0 | M32: =IF(AND(CALCULO!K29<>"", CALCULO!K29<0), CALCULO!K29 * -1, 0) -> 0 | N32: =IF(AND(CALCULO!L29<>"", CALCULO!L29<0), CALCULO!L29 * -1, 0) -> 1 | O32: =IF(AND(CALCULO!M29<>"", CALCULO!M29<0), CALCULO!M29 * -1, 0) -> 0 | ... AO32: =IF(AND(CALCULO!AM29<>"", CALCULO!AM29<0), CALCULO!AM29 * -1, 0) -> 0 | AP32: =IF(E32-(ALTAS!C32+AQ32+AR32)>=0,+E32-(ALTAS!C32+AQ32+AR32),"NEGATIVO") -> 1 | AQ32: =+ALTAS!D32 -> 0 | AR32: =+ALTAS!E32 -> 0 | AS32: =IF(AND(CALCULO!AN29<>"", CALCULO!AN29<0), CALCULO!AN29 * -1, 0) -> 0 | AT32: =IF(AND(CALCULO!AO29<>"", CALCULO!AO29<0), CALCULO!AO29 * -1, 0) -> 0 | AU32: =IF(AND(CALCULO!AP29<>"", CALCULO!AP29<0), CALCULO!AP29 * -1, 0) -> 0 | AV32: =IF(AND(CALCULO!AQ29<>"", CALCULO!AQ29<0), CALCULO!AQ29 * -1, 0) -> 0 | AW32: =IF(AND(CALCULO!AT29<>"", CALCULO!AT29<0), CALCULO!AT29 * -1, 0) -> 0 | AX32: =IF(AND(CALCULO!AU29<>"", CALCULO!AU29<0), CALCULO!AU29 * -1, 0) -> 0 | AY32: =+BB33+BC33 -> 0 | AZ32: =+BG33+BH33 -> 0 | BB32: =IF(AND(CALCULO!AR28<>"", CALCULO!AR28<0), CALCULO!AR28 * -1, 0) -> 0 | BC32: =IF(AND(CALCULO!AS28<>"", CALCULO!AS28<0), CALCULO!AS28 * -1, 0) -> 0 | BG32: =IF(AND(CALCULO!AW28<>"", CALCULO!AW28<0), CALCULO!WP28 * -1, 0) -> 0 | BH32: =IF(AND(CALCULO!AX28<>"", CALCULO!AX28<0), CALCULO!AX28 * -1, 0) -> 0
C33: TRASTORNOS DE ANSIEDAD | D33: TRASTORNO DE ESTRÉS POST TRAUMATICO | E33: =+SUM(H33:AO33) -> 0 | F33: =IF(AND(CALCULO!D30<>"", CALCULO!D30<0), CALCULO!D30 * -1, "") | G33: =IF(AND(CALCULO!E30<>"", CALCULO!E30<0), CALCULO!E30 * -1, "") | H33: =IF(AND(CALCULO!F30<>"", CALCULO!F30<0), CALCULO!F30 * -1, 0) -> 0 | I33: =IF(AND(CALCULO!G30<>"", CALCULO!G30<0), CALCULO!G30 * -1, 0) -> 0 | J33: =IF(AND(CALCULO!H30<>"", CALCULO!H30<0), CALCULO!H30 * -1, 0) -> 0 | K33: =IF(AND(CALCULO!I30<>"", CALCULO!I30<0), CALCULO!I30 * -1, 0) -> 0 | L33: =IF(AND(CALCULO!J30<>"", CALCULO!J30<0), CALCULO!J30 * -1, 0) -> 0 | M33: =IF(AND(CALCULO!K30<>"", CALCULO!K30<0), CALCULO!K30 * -1, 0) -> 0 | N33: =IF(AND(CALCULO!L30<>"", CALCULO!L30<0), CALCULO!L30 * -1, 0) -> 0 | O33: =IF(AND(CALCULO!M30<>"", CALCULO!M30<0), CALCULO!M30 * -1, 0) -> 0 | ... AO33: =IF(AND(CALCULO!AM30<>"", CALCULO!AM30<0), CALCULO!AM30 * -1, 0) -> 0 | AP33: =IF(E33-(ALTAS!C33+AQ33+AR33)>=0,+E33-(ALTAS!C33+AQ33+AR33),"NEGATIVO") -> 0 | AQ33: =+ALTAS!D33 -> 0 | AR33: =+ALTAS!E33 -> 0 | AS33: =IF(AND(CALCULO!AN30<>"", CALCULO!AN30<0), CALCULO!AN30 * -1, 0) -> 0 | AT33: =IF(AND(CALCULO!AO30<>"", CALCULO!AO30<0), CALCULO!AO30 * -1, 0) -> 0 | AU33: =IF(AND(CALCULO!AP30<>"", CALCULO!AP30<0), CALCULO!AP30 * -1, 0) -> 0 | AV33: =IF(AND(CALCULO!AQ30<>"", CALCULO!AQ30<0), CALCULO!AQ30 * -1, 0) -> 0 | AW33: =IF(AND(CALCULO!AT30<>"", CALCULO!AT30<0), CALCULO!AT30 * -1, 0) -> 0 | AX33: =IF(AND(CALCULO!AU30<>"", CALCULO!AU30<0), CALCULO!AU30 * -1, 0) -> 0 | AY33: =+BB34+BC34 -> 0 | AZ33: =+BG34+BH34 -> 0 | BB33: =IF(AND(CALCULO!AR29<>"", CALCULO!AR29<0), CALCULO!AR29 * -1, 0) -> 0 | BC33: =IF(AND(CALCULO!AS29<>"", CALCULO!AS29<0), CALCULO!AS29 * -1, 0) -> 0 | BG33: =IF(AND(CALCULO!AW29<>"", CALCULO!AW29<0), CALCULO!WP29 * -1, 0) -> 0 | BH33: =IF(AND(CALCULO!AX29<>"", CALCULO!AX29<0), CALCULO!AX29 * -1, 0) -> 0
D34: TRASTORNO DE PÁNICO | E34: =+SUM(H34:AO34) -> 0 | F34: =IF(AND(CALCULO!D31<>"", CALCULO!D31<0), CALCULO!D31 * -1, "") | G34: =IF(AND(CALCULO!E31<>"", CALCULO!E31<0), CALCULO!E31 * -1, "") | H34: =IF(AND(CALCULO!F31<>"", CALCULO!F31<0), CALCULO!F31 * -1, 0) -> 0 | I34: =IF(AND(CALCULO!G31<>"", CALCULO!G31<0), CALCULO!G31 * -1, 0) -> 0 | J34: =IF(AND(CALCULO!H31<>"", CALCULO!H31<0), CALCULO!H31 * -1, 0) -> 0 | K34: =IF(AND(CALCULO!I31<>"", CALCULO!I31<0), CALCULO!I31 * -1, 0) -> 0 | L34: =IF(AND(CALCULO!J31<>"", CALCULO!J31<0), CALCULO!J31 * -1, 0) -> 0 | M34: =IF(AND(CALCULO!K31<>"", CALCULO!K31<0), CALCULO!K31 * -1, 0) -> 0 | N34: =IF(AND(CALCULO!L31<>"", CALCULO!L31<0), CALCULO!L31 * -1, 0) -> 0 | O34: =IF(AND(CALCULO!M31<>"", CALCULO!M31<0), CALCULO!M31 * -1, 0) -> 0 | ... AO34: =IF(AND(CALCULO!AM31<>"", CALCULO!AM31<0), CALCULO!AM31 * -1, 0) -> 0 | AP34: =IF(E34-(ALTAS!C34+AQ34+AR34)>=0,+E34-(ALTAS!C34+AQ34+AR34),"NEGATIVO") -> 0 | AQ34: =+ALTAS!D34 -> 0 | AR34: =+ALTAS!E34 -> 0 | AS34: =IF(AND(CALCULO!AN31<>"", CALCULO!AN31<0), CALCULO!AN31 * -1, 0) -> 1 | AT34: =IF(AND(CALCULO!AO31<>"", CALCULO!AO31<0), CALCULO!AO31 * -1, 0) -> 0 | AU34: =IF(AND(CALCULO!AP31<>"", CALCULO!AP31<0), CALCULO!AP31 * -1, 0) -> 0 | AV34: =IF(AND(CALCULO!AQ31<>"", CALCULO!AQ31<0), CALCULO!AQ31 * -1, 0) -> 0 | AW34: =IF(AND(CALCULO!AT31<>"", CALCULO!AT31<0), CALCULO!AT31 * -1, 0) -> 0 | AX34: =IF(AND(CALCULO!AU31<>"", CALCULO!AU31<0), CALCULO!AU31 * -1, 0) -> 0 | AY34: =+BB35+BC35 -> 0 | AZ34: =+BG35+BH35 -> 0 | BB34: =IF(AND(CALCULO!AR30<>"", CALCULO!AR30<0), CALCULO!AR30 * -1, 0) -> 0 | BC34: =IF(AND(CALCULO!AS30<>"", CALCULO!AS30<0), CALCULO!AS30 * -1, 0) -> 0 | BG34: =IF(AND(CALCULO!AW30<>"", CALCULO!AW30<0), CALCULO!WP30 * -1, 0) -> 0 | BH34: =IF(AND(CALCULO!AX30<>"", CALCULO!AX30<0), CALCULO!AX30 * -1, 0) -> 0
D35: FOBIAS SOCIALES | E35: =+SUM(H35:AO35) -> 0 | F35: =IF(AND(CALCULO!D32<>"", CALCULO!D32<0), CALCULO!D32 * -1, "") | G35: =IF(AND(CALCULO!E32<>"", CALCULO!E32<0), CALCULO!E32 * -1, "") | H35: =IF(AND(CALCULO!F32<>"", CALCULO!F32<0), CALCULO!F32 * -1, 0) -> 0 | I35: =IF(AND(CALCULO!G32<>"", CALCULO!G32<0), CALCULO!G32 * -1, 0) -> 0 | J35: =IF(AND(CALCULO!H32<>"", CALCULO!H32<0), CALCULO!H32 * -1, 0) -> 0 | K35: =IF(AND(CALCULO!I32<>"", CALCULO!I32<0), CALCULO!I32 * -1, 0) -> 0 | L35: =IF(AND(CALCULO!J32<>"", CALCULO!J32<0), CALCULO!J32 * -1, 0) -> 0 | M35: =IF(AND(CALCULO!K32<>"", CALCULO!K32<0), CALCULO!K32 * -1, 0) -> 0 | N35: =IF(AND(CALCULO!L32<>"", CALCULO!L32<0), CALCULO!L32 * -1, 0) -> 0 | O35: =IF(AND(CALCULO!M32<>"", CALCULO!M32<0), CALCULO!M32 * -1, 0) -> 0 | ... AO35: =IF(AND(CALCULO!AM32<>"", CALCULO!AM32<0), CALCULO!AM32 * -1, 0) -> 0 | AP35: =IF(E35-(ALTAS!C35+AQ35+AR35)>=0,+E35-(ALTAS!C35+AQ35+AR35),"NEGATIVO") -> 0 | AQ35: =+ALTAS!D35 -> 0 | AR35: =+ALTAS!E35 -> 0 | AS35: =IF(AND(CALCULO!AN32<>"", CALCULO!AN32<0), CALCULO!AN32 * -1, 0) -> 0 | AT35: =IF(AND(CALCULO!AO32<>"", CALCULO!AO32<0), CALCULO!AO32 * -1, 0) -> 0 | AU35: =IF(AND(CALCULO!AP32<>"", CALCULO!AP32<0), CALCULO!AP32 * -1, 0) -> 0 | AV35: =IF(AND(CALCULO!AQ32<>"", CALCULO!AQ32<0), CALCULO!AQ32 * -1, 0) -> 0 | AW35: =IF(AND(CALCULO!AT32<>"", CALCULO!AT32<0), CALCULO!AT32 * -1, 0) -> 0 | AX35: =IF(AND(CALCULO!AU32<>"", CALCULO!AU32<0), CALCULO!AU32 * -1, 0) -> 0 | AY35: =+BB36+BC36 -> 0 | AZ35: =+BG36+BH36 -> 0 | BB35: =IF(AND(CALCULO!AR31<>"", CALCULO!AR31<0), CALCULO!AR31 * -1, 0) -> 0 | BC35: =IF(AND(CALCULO!AS31<>"", CALCULO!AS31<0), CALCULO!AS31 * -1, 0) -> 0 | BG35: =IF(AND(CALCULO!AW31<>"", CALCULO!AW31<0), CALCULO!WP31 * -1, 0) -> 0 | BH35: =IF(AND(CALCULO!AX31<>"", CALCULO!AX31<0), CALCULO!AX31 * -1, 0) -> 0
D36: TRASTORNOS DE ANSIEDAD GENERALIZADA | E36: =+SUM(H36:AO36) -> 4 | F36: =IF(AND(CALCULO!D33<>"", CALCULO!D33<0), CALCULO!D33 * -1, "") -> 1 | G36: =IF(AND(CALCULO!E33<>"", CALCULO!E33<0), CALCULO!E33 * -1, "") | H36: =IF(AND(CALCULO!F33<>"", CALCULO!F33<0), CALCULO!F33 * -1, 0) -> 0 | I36: =IF(AND(CALCULO!G33<>"", CALCULO!G33<0), CALCULO!G33 * -1, 0) -> 0 | J36: =IF(AND(CALCULO!H33<>"", CALCULO!H33<0), CALCULO!H33 * -1, 0) -> 0 | K36: =IF(AND(CALCULO!I33<>"", CALCULO!I33<0), CALCULO!I33 * -1, 0) -> 0 | L36: =IF(AND(CALCULO!J33<>"", CALCULO!J33<0), CALCULO!J33 * -1, 0) -> 0 | M36: =IF(AND(CALCULO!K33<>"", CALCULO!K33<0), CALCULO!K33 * -1, 0) -> 0 | N36: =IF(AND(CALCULO!L33<>"", CALCULO!L33<0), CALCULO!L33 * -1, 0) -> 0 | O36: =IF(AND(CALCULO!M33<>"", CALCULO!M33<0), CALCULO!M33 * -1, 0) -> 0 | ... AO36: =IF(AND(CALCULO!AM33<>"", CALCULO!AM33<0), CALCULO!AM33 * -1, 0) -> 0 | AP36: =IF(E36-(ALTAS!C36+AQ36+AR36)>=0,+E36-(ALTAS!C36+AQ36+AR36),"NEGATIVO") -> 3 | AQ36: =+ALTAS!D36 -> 0 | AR36: =+ALTAS!E36 -> 0 | AS36: =IF(AND(CALCULO!AN33<>"", CALCULO!AN33<0), CALCULO!AN33 * -1, 0) -> 0 | AT36: =IF(AND(CALCULO!AO33<>"", CALCULO!AO33<0), CALCULO!AO33 * -1, 0) -> 0 | AU36: =IF(AND(CALCULO!AP33<>"", CALCULO!AP33<0), CALCULO!AP33 * -1, 0) -> 0 | AV36: =IF(AND(CALCULO!AQ33<>"", CALCULO!AQ33<0), CALCULO!AQ33 * -1, 0) -> 0 | AW36: =IF(AND(CALCULO!AT33<>"", CALCULO!AT33<0), CALCULO!AT33 * -1, 0) -> 0 | AX36: =IF(AND(CALCULO!AU33<>"", CALCULO!AU33<0), CALCULO!AU33 * -1, 0) -> 0 | AY36: =+BB37+BC37 -> 0 | AZ36: =+BG37+BH37 -> 0 | BB36: =IF(AND(CALCULO!AR32<>"", CALCULO!AR32<0), CALCULO!AR32 * -1, 0) -> 0 | BC36: =IF(AND(CALCULO!AS32<>"", CALCULO!AS32<0), CALCULO!AS32 * -1, 0) -> 0 | BG36: =IF(AND(CALCULO!AW32<>"", CALCULO!AW32<0), CALCULO!WP32 * -1, 0) -> 0 | BH36: =IF(AND(CALCULO!AX32<>"", CALCULO!AX32<0), CALCULO!AX32 * -1, 0) -> 0
D37: OTROS TRASTORNOS DE ANSIEDAD | E37: =+SUM(H37:AO37) -> 0 | F37: =IF(AND(CALCULO!D34<>"", CALCULO!D34<0), CALCULO!D34 * -1, "") | G37: =IF(AND(CALCULO!E34<>"", CALCULO!E34<0), CALCULO!E34 * -1, "") | H37: =IF(AND(CALCULO!F34<>"", CALCULO!F34<0), CALCULO!F34 * -1, 0) -> 0 | I37: =IF(AND(CALCULO!G34<>"", CALCULO!G34<0), CALCULO!G34 * -1, 0) -> 0 | J37: =IF(AND(CALCULO!H34<>"", CALCULO!H34<0), CALCULO!H34 * -1, 0) -> 0 | K37: =IF(AND(CALCULO!I34<>"", CALCULO!I34<0), CALCULO!I34 * -1, 0) -> 0 | L37: =IF(AND(CALCULO!J34<>"", CALCULO!J34<0), CALCULO!J34 * -1, 0) -> 0 | M37: =IF(AND(CALCULO!K34<>"", CALCULO!K34<0), CALCULO!K34 * -1, 0) -> 0 | N37: =IF(AND(CALCULO!L34<>"", CALCULO!L34<0), CALCULO!L34 * -1, 0) -> 0 | O37: =IF(AND(CALCULO!M34<>"", CALCULO!M34<0), CALCULO!M34 * -1, 0) -> 0 | ... AO37: =IF(AND(CALCULO!AM34<>"", CALCULO!AM34<0), CALCULO!AM34 * -1, 0) -> 0 | AP37: 0 | AQ37: =+ALTAS!D37 -> 0 | AR37: =+ALTAS!E37 -> 0 | AS37: =IF(AND(CALCULO!AN34<>"", CALCULO!AN34<0), CALCULO!AN34 * -1, 0) -> 0 | AT37: =IF(AND(CALCULO!AO34<>"", CALCULO!AO34<0), CALCULO!AO34 * -1, 0) -> 0 | AU37: =IF(AND(CALCULO!AP34<>"", CALCULO!AP34<0), CALCULO!AP34 * -1, 0) -> 0 | AV37: =IF(AND(CALCULO!AQ34<>"", CALCULO!AQ34<0), CALCULO!AQ34 * -1, 0) -> 0 | AW37: =IF(AND(CALCULO!AT34<>"", CALCULO!AT34<0), CALCULO!AT34 * -1, 0) -> 0 | AX37: =IF(AND(CALCULO!AU34<>"", CALCULO!AU34<0), CALCULO!AU34 * -1, 0) -> 0 | AY37: =+BB38+BC38 -> 0 | AZ37: =+BG38+BH38 -> 0 | BB37: =IF(AND(CALCULO!AR33<>"", CALCULO!AR33<0), CALCULO!AR33 * -1, 0) -> 0 | BC37: =IF(AND(CALCULO!AS33<>"", CALCULO!AS33<0), CALCULO!AS33 * -1, 0) -> 0 | BG37: =IF(AND(CALCULO!AW33<>"", CALCULO!AW33<0), CALCULO!WP33 * -1, 0) -> 0 | BH37: =IF(AND(CALCULO!AX33<>"", CALCULO!AX33<0), CALCULO!AX33 * -1, 0) -> 0
C38: DEMENCIAS (INCLUYE ALZHEIMER) | D38: LEVE | E38: =+SUM(H38:AO38) -> 1 | F38: =IF(AND(CALCULO!D35<>"", CALCULO!D35<0), CALCULO!D35 * -1, "") | G38: =IF(AND(CALCULO!E35<>"", CALCULO!E35<0), CALCULO!E35 * -1, "") | H38: =IF(AND(CALCULO!F35<>"", CALCULO!F35<0), CALCULO!F35 * -1, 0) -> 0 | I38: =IF(AND(CALCULO!G35<>"", CALCULO!G35<0), CALCULO!G35 * -1, 0) -> 0 | J38: =IF(AND(CALCULO!H35<>"", CALCULO!H35<0), CALCULO!H35 * -1, 0) -> 0 | K38: =IF(AND(CALCULO!I35<>"", CALCULO!I35<0), CALCULO!I35 * -1, 0) -> 0 | L38: =IF(AND(CALCULO!J35<>"", CALCULO!J35<0), CALCULO!J35 * -1, 0) -> 0 | M38: =IF(AND(CALCULO!K35<>"", CALCULO!K35<0), CALCULO!K35 * -1, 0) -> 0 | N38: =IF(AND(CALCULO!L35<>"", CALCULO!L35<0), CALCULO!L35 * -1, 0) -> 0 | O38: =IF(AND(CALCULO!M35<>"", CALCULO!M35<0), CALCULO!M35 * -1, 0) -> 0 | ... AO38: =IF(AND(CALCULO!AM35<>"", CALCULO!AM35<0), CALCULO!AM35 * -1, 0) -> 0 | AP38: =IF(E38-(ALTAS!C38+AQ38+AR38)>=0,+E38-(ALTAS!C38+AQ38+AR38),"NEGATIVO") -> 1 | AQ38: =+ALTAS!D38 -> 0 | AR38: =+ALTAS!E38 -> 0 | AS38: =IF(AND(CALCULO!AN35<>"", CALCULO!AN35<0), CALCULO!AN35 * -1, 0) -> 0 | AT38: =IF(AND(CALCULO!AO35<>"", CALCULO!AO35<0), CALCULO!AO35 * -1, 0) -> 0 | AU38: =IF(AND(CALCULO!AP35<>"", CALCULO!AP35<0), CALCULO!AP35 * -1, 0) -> 0 | AV38: =IF(AND(CALCULO!AQ35<>"", CALCULO!AQ35<0), CALCULO!AQ35 * -1, 0) -> 0 | AW38: =IF(AND(CALCULO!AT35<>"", CALCULO!AT35<0), CALCULO!AT35 * -1, 0) -> 0 | AX38: =IF(AND(CALCULO!AU35<>"", CALCULO!AU35<0), CALCULO!AU35 * -1, 0) -> 0 | AY38: =+BB39+BC39 -> 0 | AZ38: =+BG39+BH39 -> 0 | BB38: =IF(AND(CALCULO!AR34<>"", CALCULO!AR34<0), CALCULO!AR34 * -1, 0) -> 0 | BC38: =IF(AND(CALCULO!AS34<>"", CALCULO!AS34<0), CALCULO!AS34 * -1, 0) -> 0 | BG38: =IF(AND(CALCULO!AW34<>"", CALCULO!AW34<0), CALCULO!WP34 * -1, 0) -> 0 | BH38: =IF(AND(CALCULO!AX34<>"", CALCULO!AX34<0), CALCULO!AX34 * -1, 0) -> 0
D39: MODERADO | E39: =+SUM(H39:AO39) -> 4 | F39: =IF(AND(CALCULO!D36<>"", CALCULO!D36<0), CALCULO!D36 * -1, "") | G39: =IF(AND(CALCULO!E36<>"", CALCULO!E36<0), CALCULO!E36 * -1, "") -> 2 | H39: =IF(AND(CALCULO!F36<>"", CALCULO!F36<0), CALCULO!F36 * -1, 0) -> 0 | I39: =IF(AND(CALCULO!G36<>"", CALCULO!G36<0), CALCULO!G36 * -1, 0) -> 0 | J39: =IF(AND(CALCULO!H36<>"", CALCULO!H36<0), CALCULO!H36 * -1, 0) -> 0 | K39: =IF(AND(CALCULO!I36<>"", CALCULO!I36<0), CALCULO!I36 * -1, 0) -> 0 | L39: =IF(AND(CALCULO!J36<>"", CALCULO!J36<0), CALCULO!J36 * -1, 0) -> 0 | M39: =IF(AND(CALCULO!K36<>"", CALCULO!K36<0), CALCULO!K36 * -1, 0) -> 0 | N39: =IF(AND(CALCULO!L36<>"", CALCULO!L36<0), CALCULO!L36 * -1, 0) -> 0 | O39: =IF(AND(CALCULO!M36<>"", CALCULO!M36<0), CALCULO!M36 * -1, 0) -> 0 | ... AO39: =IF(AND(CALCULO!AM36<>"", CALCULO!AM36<0), CALCULO!AM36 * -1, 0) -> 2 | AP39: =IF(E39-(ALTAS!C39+AQ39+AR39)>=0,+E39-(ALTAS!C39+AQ39+AR39),"NEGATIVO") -> 4 | AQ39: =+ALTAS!D39 -> 0 | AR39: =+ALTAS!E39 -> 0 | AS39: =IF(AND(CALCULO!AN36<>"", CALCULO!AN36<0), CALCULO!AN36 * -1, 0) -> 0 | AT39: =IF(AND(CALCULO!AO36<>"", CALCULO!AO36<0), CALCULO!AO36 * -1, 0) -> 0 | AU39: =IF(AND(CALCULO!AP36<>"", CALCULO!AP36<0), CALCULO!AP36 * -1, 0) -> 0 | AV39: =IF(AND(CALCULO!AQ36<>"", CALCULO!AQ36<0), CALCULO!AQ36 * -1, 0) -> 0 | AW39: =IF(AND(CALCULO!AT36<>"", CALCULO!AT36<0), CALCULO!AT36 * -1, 0) -> 0 | AX39: =IF(AND(CALCULO!AU36<>"", CALCULO!AU36<0), CALCULO!AU36 * -1, 0) -> 0 | AY39: =+BB40+BC40 -> 0 | AZ39: =+BG40+BH40 -> 0 | BB39: =IF(AND(CALCULO!AR35<>"", CALCULO!AR35<0), CALCULO!AR35 * -1, 0) -> 0 | BC39: =IF(AND(CALCULO!AS35<>"", CALCULO!AS35<0), CALCULO!AS35 * -1, 0) -> 0 | BG39: =IF(AND(CALCULO!AW35<>"", CALCULO!AW35<0), CALCULO!WP35 * -1, 0) -> 0 | BH39: =IF(AND(CALCULO!AX35<>"", CALCULO!AX35<0), CALCULO!AX35 * -1, 0) -> 0
D40: AVANZADO | E40: =+SUM(H40:AO40) -> 0 | F40: =IF(AND(CALCULO!D37<>"", CALCULO!D37<0), CALCULO!D37 * -1, "") | G40: =IF(AND(CALCULO!E37<>"", CALCULO!E37<0), CALCULO!E37 * -1, "") | H40: =IF(AND(CALCULO!F37<>"", CALCULO!F37<0), CALCULO!F37 * -1, 0) -> 0 | I40: =IF(AND(CALCULO!G37<>"", CALCULO!G37<0), CALCULO!G37 * -1, 0) -> 0 | J40: =IF(AND(CALCULO!H37<>"", CALCULO!H37<0), CALCULO!H37 * -1, 0) -> 0 | K40: =IF(AND(CALCULO!I37<>"", CALCULO!I37<0), CALCULO!I37 * -1, 0) -> 0 | L40: =IF(AND(CALCULO!J37<>"", CALCULO!J37<0), CALCULO!J37 * -1, 0) -> 0 | M40: =IF(AND(CALCULO!K37<>"", CALCULO!K37<0), CALCULO!K37 * -1, 0) -> 0 | N40: =IF(AND(CALCULO!L37<>"", CALCULO!L37<0), CALCULO!L37 * -1, 0) -> 0 | O40: =IF(AND(CALCULO!M37<>"", CALCULO!M37<0), CALCULO!M37 * -1, 0) -> 0 | ... AO40: =IF(AND(CALCULO!AM37<>"", CALCULO!AM37<0), CALCULO!AM37 * -1, 0) -> 0 | AP40: =IF(E40-(ALTAS!C40+AQ40+AR40)>=0,+E40-(ALTAS!C40+AQ40+AR40),"NEGATIVO") -> 0 | AQ40: =+ALTAS!D40 -> 0 | AR40: =+ALTAS!E40 -> 0 | AS40: =IF(AND(CALCULO!AN37<>"", CALCULO!AN37<0), CALCULO!AN37 * -1, 0) -> 0 | AT40: =IF(AND(CALCULO!AO37<>"", CALCULO!AO37<0), CALCULO!AO37 * -1, 0) -> 0 | AU40: =IF(AND(CALCULO!AP37<>"", CALCULO!AP37<0), CALCULO!AP37 * -1, 0) -> 0 | AV40: =IF(AND(CALCULO!AQ37<>"", CALCULO!AQ37<0), CALCULO!AQ37 * -1, 0) -> 0 | AW40: =IF(AND(CALCULO!AT37<>"", CALCULO!AT37<0), CALCULO!AT37 * -1, 0) -> 0 | AX40: =IF(AND(CALCULO!AU37<>"", CALCULO!AU37<0), CALCULO!AU37 * -1, 0) -> 0 | AY40: =+BB41+BC41 -> 0 | AZ40: =+BG41+BH41 -> 0 | BB40: =IF(AND(CALCULO!AR36<>"", CALCULO!AR36<0), CALCULO!AR36 * -1, 0) -> 0 | BC40: =IF(AND(CALCULO!AS36<>"", CALCULO!AS36<0), CALCULO!AS36 * -1, 0) -> 0 | BG40: =IF(AND(CALCULO!AW36<>"", CALCULO!AW36<0), CALCULO!WP36 * -1, 0) -> 0 | BH40: =IF(AND(CALCULO!AX36<>"", CALCULO!AX36<0), CALCULO!AX36 * -1, 0) -> 0
C41: ESQUIZOFRENIA | E41: =+SUM(H41:AO41) -> 0 | F41: =IF(AND(CALCULO!D38<>"", CALCULO!D38<0), CALCULO!D38 * -1, "") | G41: =IF(AND(CALCULO!E38<>"", CALCULO!E38<0), CALCULO!E38 * -1, "") | H41: =IF(AND(CALCULO!F38<>"", CALCULO!F38<0), CALCULO!F38 * -1, 0) -> 0 | I41: =IF(AND(CALCULO!G38<>"", CALCULO!G38<0), CALCULO!G38 * -1, 0) -> 0 | J41: =IF(AND(CALCULO!H38<>"", CALCULO!H38<0), CALCULO!H38 * -1, 0) -> 0 | K41: =IF(AND(CALCULO!I38<>"", CALCULO!I38<0), CALCULO!I38 * -1, 0) -> 0 | L41: =IF(AND(CALCULO!J38<>"", CALCULO!J38<0), CALCULO!J38 * -1, 0) -> 0 | M41: =IF(AND(CALCULO!K38<>"", CALCULO!K38<0), CALCULO!K38 * -1, 0) -> 0 | N41: =IF(AND(CALCULO!L38<>"", CALCULO!L38<0), CALCULO!L38 * -1, 0) -> 0 | O41: =IF(AND(CALCULO!M38<>"", CALCULO!M38<0), CALCULO!M38 * -1, 0) -> 0 | ... AO41: =IF(AND(CALCULO!AM38<>"", CALCULO!AM38<0), CALCULO!AM38 * -1, 0) -> 0 | AP41: =IF(E41-(ALTAS!C41+AQ41+AR41)>=0,+E41-(ALTAS!C41+AQ41+AR41),"NEGATIVO") -> 0 | AQ41: =+ALTAS!D41 -> 0 | AR41: =+ALTAS!E41 -> 0 | AS41: =IF(AND(CALCULO!AN38<>"", CALCULO!AN38<0), CALCULO!AN38 * -1, 0) -> 0 | AT41: =IF(AND(CALCULO!AO38<>"", CALCULO!AO38<0), CALCULO!AO38 * -1, 0) -> 0 | AU41: =IF(AND(CALCULO!AP38<>"", CALCULO!AP38<0), CALCULO!AP38 * -1, 0) -> 0 | AV41: =IF(AND(CALCULO!AQ38<>"", CALCULO!AQ38<0), CALCULO!AQ38 * -1, 0) -> 0 | AW41: =IF(AND(CALCULO!AT38<>"", CALCULO!AT38<0), CALCULO!AT38 * -1, 0) -> 0 | AX41: =IF(AND(CALCULO!AU38<>"", CALCULO!AU38<0), CALCULO!AU38 * -1, 0) -> 0 | AY41: =+BB42+BC42 -> 0 | AZ41: =+BG42+BH42 -> 0 | BB41: =IF(AND(CALCULO!AR37<>"", CALCULO!AR37<0), CALCULO!AR37 * -1, 0) -> 0 | BC41: =IF(AND(CALCULO!AS37<>"", CALCULO!AS37<0), CALCULO!AS37 * -1, 0) -> 0 | BG41: =IF(AND(CALCULO!AW37<>"", CALCULO!AW37<0), CALCULO!WP37 * -1, 0) -> 0 | BH41: =IF(AND(CALCULO!AX37<>"", CALCULO!AX37<0), CALCULO!AX37 * -1, 0) -> 0
C42: TRASTORNO ADAPTATIVO | E42: =+SUM(H42:AO42) -> 0 | F42: =IF(AND(CALCULO!D39<>"", CALCULO!D39<0), CALCULO!D39 * -1, "") | G42: =IF(AND(CALCULO!E39<>"", CALCULO!E39<0), CALCULO!E39 * -1, "") | H42: =IF(AND(CALCULO!F39<>"", CALCULO!F39<0), CALCULO!F39 * -1, 0) -> 0 | I42: =IF(AND(CALCULO!G39<>"", CALCULO!G39<0), CALCULO!G39 * -1, 0) -> 0 | J42: =IF(AND(CALCULO!H39<>"", CALCULO!H39<0), CALCULO!H39 * -1, 0) -> 0 | K42: =IF(AND(CALCULO!I39<>"", CALCULO!I39<0), CALCULO!I39 * -1, 0) -> 0 | L42: =IF(AND(CALCULO!J39<>"", CALCULO!J39<0), CALCULO!J39 * -1, 0) -> 0 | M42: =IF(AND(CALCULO!K39<>"", CALCULO!K39<0), CALCULO!K39 * -1, 0) -> 0 | N42: =IF(AND(CALCULO!L39<>"", CALCULO!L39<0), CALCULO!L39 * -1, 0) -> 0 | O42: =IF(AND(CALCULO!M39<>"", CALCULO!M39<0), CALCULO!M39 * -1, 0) -> 0 | ... AO42: =IF(AND(CALCULO!AM39<>"", CALCULO!AM39<0), CALCULO!AM39 * -1, 0) -> 0 | AP42: 0 | AQ42: =+ALTAS!D42 -> 0 | AR42: =+ALTAS!E42 -> 0 | AS42: =IF(AND(CALCULO!AN39<>"", CALCULO!AN39<0), CALCULO!AN39 * -1, 0) -> 0 | AT42: =IF(AND(CALCULO!AO39<>"", CALCULO!AO39<0), CALCULO!AO39 * -1, 0) -> 0 | AU42: =IF(AND(CALCULO!AP39<>"", CALCULO!AP39<0), CALCULO!AP39 * -1, 0) -> 3 | AV42: =IF(AND(CALCULO!AQ39<>"", CALCULO!AQ39<0), CALCULO!AQ39 * -1, 0) -> 0 | AW42: =IF(AND(CALCULO!AT39<>"", CALCULO!AT39<0), CALCULO!AT39 * -1, 0) -> 1 | AX42: =IF(AND(CALCULO!AU39<>"", CALCULO!AU39<0), CALCULO!AU39 * -1, 0) -> 3 | AY42: =+BB43+BC43 -> 3 | AZ42: =+BG43+BH43 -> 1 | BB42: =IF(AND(CALCULO!AR38<>"", CALCULO!AR38<0), CALCULO!AR38 * -1, 0) -> 0 | BC42: =IF(AND(CALCULO!AS38<>"", CALCULO!AS38<0), CALCULO!AS38 * -1, 0) -> 0 | BG42: =IF(AND(CALCULO!AW38<>"", CALCULO!AW38<0), CALCULO!WP38 * -1, 0) -> 0 | BH42: =IF(AND(CALCULO!AX38<>"", CALCULO!AX38<0), CALCULO!AX38 * -1, 0) -> 0
C43: TRASTORNOS DE LA CONDUCTA ALIMENTARIA | E43: =+SUM(H43:AO43) -> 0 | F43: =IF(AND(CALCULO!D40<>"", CALCULO!D40<0), CALCULO!D40 * -1, "") | G43: =IF(AND(CALCULO!E40<>"", CALCULO!E40<0), CALCULO!E40 * -1, "") | H43: =IF(AND(CALCULO!F40<>"", CALCULO!F40<0), CALCULO!F40 * -1, 0) -> 0 | I43: =IF(AND(CALCULO!G40<>"", CALCULO!G40<0), CALCULO!G40 * -1, 0) -> 0 | J43: =IF(AND(CALCULO!H40<>"", CALCULO!H40<0), CALCULO!H40 * -1, 0) -> 0 | K43: =IF(AND(CALCULO!I40<>"", CALCULO!I40<0), CALCULO!I40 * -1, 0) -> 0 | L43: =IF(AND(CALCULO!J40<>"", CALCULO!J40<0), CALCULO!J40 * -1, 0) -> 0 | M43: =IF(AND(CALCULO!K40<>"", CALCULO!K40<0), CALCULO!K40 * -1, 0) -> 0 | N43: =IF(AND(CALCULO!L40<>"", CALCULO!L40<0), CALCULO!L40 * -1, 0) -> 0 | O43: =IF(AND(CALCULO!M40<>"", CALCULO!M40<0), CALCULO!M40 * -1, 0) -> 0 | ... AO43: =IF(AND(CALCULO!AM40<>"", CALCULO!AM40<0), CALCULO!AM40 * -1, 0) -> 0 | AP43: =IF(E43-(ALTAS!C43+AQ43+AR43)>=0,+E43-(ALTAS!C43+AQ43+AR43),"NEGATIVO") -> 0 | AQ43: =+ALTAS!D43 -> 0 | AR43: =+ALTAS!E43 -> 0 | AS43: =IF(AND(CALCULO!AN40<>"", CALCULO!AN40<0), CALCULO!AN40 * -1, 0) -> 0 | AT43: =IF(AND(CALCULO!AO40<>"", CALCULO!AO40<0), CALCULO!AO40 * -1, 0) -> 0 | AU43: =IF(AND(CALCULO!AP40<>"", CALCULO!AP40<0), CALCULO!AP40 * -1, 0) -> 0 | AV43: =IF(AND(CALCULO!AQ40<>"", CALCULO!AQ40<0), CALCULO!AQ40 * -1, 0) -> 0 | AW43: =IF(AND(CALCULO!AT40<>"", CALCULO!AT40<0), CALCULO!AT40 * -1, 0) -> 0 | AX43: =IF(AND(CALCULO!AU40<>"", CALCULO!AU40<0), CALCULO!AU40 * -1, 0) -> 0 | AY43: =+BB44+BC44 -> 0 | AZ43: =+BG44+BH44 -> 0 | BB43: =IF(AND(CALCULO!AR39<>"", CALCULO!AR39<0), CALCULO!AR39 * -1, 0) -> 3 | BC43: =IF(AND(CALCULO!AS39<>"", CALCULO!AS39<0), CALCULO!AS39 * -1, 0) -> 0 | BG43: =IF(AND(CALCULO!AW39<>"", CALCULO!AW39<0), CALCULO!WP39 * -1, 0) -> 0 | BH43: =IF(AND(CALCULO!AX39<>"", CALCULO!AX39<0), CALCULO!AX39 * -1, 0) -> 1
C44: RETRASO MENTAL | E44: =+SUM(H44:AO44) -> 0 | F44: =IF(AND(CALCULO!D41<>"", CALCULO!D41<0), CALCULO!D41 * -1, "") | G44: =IF(AND(CALCULO!E41<>"", CALCULO!E41<0), CALCULO!E41 * -1, "") | H44: =IF(AND(CALCULO!F41<>"", CALCULO!F41<0), CALCULO!F41 * -1, 0) -> 0 | I44: =IF(AND(CALCULO!G41<>"", CALCULO!G41<0), CALCULO!G41 * -1, 0) -> 0 | J44: =IF(AND(CALCULO!H41<>"", CALCULO!H41<0), CALCULO!H41 * -1, 0) -> 0 | K44: =IF(AND(CALCULO!I41<>"", CALCULO!I41<0), CALCULO!I41 * -1, 0) -> 0 | L44: =IF(AND(CALCULO!J41<>"", CALCULO!J41<0), CALCULO!J41 * -1, 0) -> 0 | M44: =IF(AND(CALCULO!K41<>"", CALCULO!K41<0), CALCULO!K41 * -1, 0) -> 0 | N44: =IF(AND(CALCULO!L41<>"", CALCULO!L41<0), CALCULO!L41 * -1, 0) -> 0 | O44: =IF(AND(CALCULO!M41<>"", CALCULO!M41<0), CALCULO!M41 * -1, 0) -> 0 | ... AO44: =IF(AND(CALCULO!AM41<>"", CALCULO!AM41<0), CALCULO!AM41 * -1, 0) -> 0 | AP44: =IF(E44-(ALTAS!C44+AQ44+AR44)>=0,+E44-(ALTAS!C44+AQ44+AR44),"NEGATIVO") -> 0 | AQ44: =+ALTAS!D44 -> 0 | AR44: =+ALTAS!E44 -> 0 | AS44: =IF(AND(CALCULO!AN41<>"", CALCULO!AN41<0), CALCULO!AN41 * -1, 0) -> 0 | AT44: =IF(AND(CALCULO!AO41<>"", CALCULO!AO41<0), CALCULO!AO41 * -1, 0) -> 0 | AU44: =IF(AND(CALCULO!AP41<>"", CALCULO!AP41<0), CALCULO!AP41 * -1, 0) -> 0 | AV44: =IF(AND(CALCULO!AQ41<>"", CALCULO!AQ41<0), CALCULO!AQ41 * -1, 0) -> 0 | AW44: =IF(AND(CALCULO!AT41<>"", CALCULO!AT41<0), CALCULO!AT41 * -1, 0) -> 0 | AX44: =IF(AND(CALCULO!AU41<>"", CALCULO!AU41<0), CALCULO!AU41 * -1, 0) -> 0 | AY44: =+BB45+BC45 -> 0 | AZ44: =+BG45+BH45 -> 0 | BB44: =IF(AND(CALCULO!AR40<>"", CALCULO!AR40<0), CALCULO!AR40 * -1, 0) -> 0 | BC44: =IF(AND(CALCULO!AS40<>"", CALCULO!AS40<0), CALCULO!AS40 * -1, 0) -> 0 | BG44: =IF(AND(CALCULO!AW40<>"", CALCULO!AW40<0), CALCULO!WP40 * -1, 0) -> 0 | BH44: =IF(AND(CALCULO!AX40<>"", CALCULO!AX40<0), CALCULO!AX40 * -1, 0) -> 0
C45: TRASTORNO DE PERSONALIDAD | E45: =+SUM(H45:AO45) -> 7 | F45: =IF(AND(CALCULO!D42<>"", CALCULO!D42<0), CALCULO!D42 * -1, "") | G45: =IF(AND(CALCULO!E42<>"", CALCULO!E42<0), CALCULO!E42 * -1, "") | H45: =IF(AND(CALCULO!F42<>"", CALCULO!F42<0), CALCULO!F42 * -1, 0) -> 0 | I45: =IF(AND(CALCULO!G42<>"", CALCULO!G42<0), CALCULO!G42 * -1, 0) -> 0 | J45: =IF(AND(CALCULO!H42<>"", CALCULO!H42<0), CALCULO!H42 * -1, 0) -> 0 | K45: =IF(AND(CALCULO!I42<>"", CALCULO!I42<0), CALCULO!I42 * -1, 0) -> 0 | L45: =IF(AND(CALCULO!J42<>"", CALCULO!J42<0), CALCULO!J42 * -1, 0) -> 0 | M45: =IF(AND(CALCULO!K42<>"", CALCULO!K42<0), CALCULO!K42 * -1, 0) -> 1 | N45: =IF(AND(CALCULO!L42<>"", CALCULO!L42<0), CALCULO!L42 * -1, 0) -> 0 | O45: =IF(AND(CALCULO!M42<>"", CALCULO!M42<0), CALCULO!M42 * -1, 0) -> 0 | ... AO45: =IF(AND(CALCULO!AM42<>"", CALCULO!AM42<0), CALCULO!AM42 * -1, 0) -> 0 | AP45: =IF(E45-(ALTAS!C45+AQ45+AR45)>=0,+E45-(ALTAS!C45+AQ45+AR45),"NEGATIVO") -> 4 | AQ45: =+ALTAS!D45 -> 0 | AR45: =+ALTAS!E45 -> 1 | AS45: =IF(AND(CALCULO!AN42<>"", CALCULO!AN42<0), CALCULO!AN42 * -1, 0) -> 0 | AT45: =IF(AND(CALCULO!AO42<>"", CALCULO!AO42<0), CALCULO!AO42 * -1, 0) -> 0 | AU45: =IF(AND(CALCULO!AP42<>"", CALCULO!AP42<0), CALCULO!AP42 * -1, 0) -> 0 | AV45: =IF(AND(CALCULO!AQ42<>"", CALCULO!AQ42<0), CALCULO!AQ42 * -1, 0) -> 0 | AW45: =IF(AND(CALCULO!AT42<>"", CALCULO!AT42<0), CALCULO!AT42 * -1, 0) -> 0 | AX45: =IF(AND(CALCULO!AU42<>"", CALCULO!AU42<0), CALCULO!AU42 * -1, 0) -> 0 | AY45: =+BB46+BC46 -> 0 | AZ45: =+BG46+BH46 -> 0 | BB45: =IF(AND(CALCULO!AR41<>"", CALCULO!AR41<0), CALCULO!AR41 * -1, 0) -> 0 | BC45: =IF(AND(CALCULO!AS41<>"", CALCULO!AS41<0), CALCULO!AS41 * -1, 0) -> 0 | BG45: =IF(AND(CALCULO!AW41<>"", CALCULO!AW41<0), CALCULO!WP41 * -1, 0) -> 0 | BH45: =IF(AND(CALCULO!AX41<>"", CALCULO!AX41<0), CALCULO!AX41 * -1, 0) -> 0
C46: TRASTORNO GENERALIZADOS DEL DESARROLLO | D46: AUTISMO | E46: =+SUM(H46:AO46) -> 0 | F46: =IF(AND(CALCULO!D43<>"", CALCULO!D43<0), CALCULO!D43 * -1, "") | G46: =IF(AND(CALCULO!E43<>"", CALCULO!E43<0), CALCULO!E43 * -1, "") | H46: =IF(AND(CALCULO!F43<>"", CALCULO!F43<0), CALCULO!F43 * -1, 0) -> 0 | I46: =IF(AND(CALCULO!G43<>"", CALCULO!G43<0), CALCULO!G43 * -1, 0) -> 0 | J46: =IF(AND(CALCULO!H43<>"", CALCULO!H43<0), CALCULO!H43 * -1, 0) -> 0 | K46: =IF(AND(CALCULO!I43<>"", CALCULO!I43<0), CALCULO!I43 * -1, 0) -> 0 | L46: =IF(AND(CALCULO!J43<>"", CALCULO!J43<0), CALCULO!J43 * -1, 0) -> 0 | M46: =IF(AND(CALCULO!K43<>"", CALCULO!K43<0), CALCULO!K43 * -1, 0) -> 0 | N46: =IF(AND(CALCULO!L43<>"", CALCULO!L43<0), CALCULO!L43 * -1, 0) -> 0 | O46: =IF(AND(CALCULO!M43<>"", CALCULO!M43<0), CALCULO!M43 * -1, 0) -> 0 | ... AO46: =IF(AND(CALCULO!AM43<>"", CALCULO!AM43<0), CALCULO!AM43 * -1, 0) -> 0 | AP46: =IF(E46-(ALTAS!C46+AQ46+AR46)>=0,+E46-(ALTAS!C46+AQ46+AR46),"NEGATIVO") -> 0 | AQ46: =+ALTAS!D46 -> 0 | AR46: =+ALTAS!E46 -> 0 | AS46: =IF(AND(CALCULO!AN43<>"", CALCULO!AN43<0), CALCULO!AN43 * -1, 0) -> 0 | AT46: =IF(AND(CALCULO!AO43<>"", CALCULO!AO43<0), CALCULO!AO43 * -1, 0) -> 0 | AU46: =IF(AND(CALCULO!AP43<>"", CALCULO!AP43<0), CALCULO!AP43 * -1, 0) -> 0 | AV46: =IF(AND(CALCULO!AQ43<>"", CALCULO!AQ43<0), CALCULO!AQ43 * -1, 0) -> 0 | AW46: =IF(AND(CALCULO!AT43<>"", CALCULO!AT43<0), CALCULO!AT43 * -1, 0) -> 0 | AX46: =IF(AND(CALCULO!AU43<>"", CALCULO!AU43<0), CALCULO!AU43 * -1, 0) -> 0 | AY46: =+BB47+BC47 -> 0 | AZ46: =+BG47+BH47 -> 0 | BB46: =IF(AND(CALCULO!AR42<>"", CALCULO!AR42<0), CALCULO!AR42 * -1, 0) -> 0 | BC46: =IF(AND(CALCULO!AS42<>"", CALCULO!AS42<0), CALCULO!AS42 * -1, 0) -> 0 | BG46: =IF(AND(CALCULO!AW42<>"", CALCULO!AW42<0), CALCULO!WP42 * -1, 0) -> 0 | BH46: =IF(AND(CALCULO!AX42<>"", CALCULO!AX42<0), CALCULO!AX42 * -1, 0) -> 0
